"09175: Wages and employment, by industry and quarter"
"industry";"2000K1 Compensation of employees, seasonally adjusted (NOK million)";"2000K1 Total hours worked for employees and self-employed, seasonally adjusted (million workhours)";"2000K2 Compensation of employees, seasonally adjusted (NOK million)";"2000K2 Total hours worked for employees and self-employed, seasonally adjusted (million workhours)";"2000K3 Compensation of employees, seasonally adjusted (NOK million)";"2000K3 Total hours worked for employees and self-employed, seasonally adjusted (million workhours)";"2000K4 Compensation of employees, seasonally adjusted (NOK million)";"2000K4 Total hours worked for employees and self-employed, seasonally adjusted (million workhours)";"2001K1 Compensation of employees, seasonally adjusted (NOK million)";"2001K1 Total hours worked for employees and self-employed, seasonally adjusted (million workhours)";"2001K2 Compensation of employees, seasonally adjusted (NOK million)";"2001K2 Total hours worked for employees and self-employed, seasonally adjusted (million workhours)";"2001K3 Compensation of employees, seasonally adjusted (NOK million)";"2001K3 Total hours worked for employees and self-employed, seasonally adjusted (million workhours)";"2001K4 Compensation of employees, seasonally adjusted (NOK million)";"2001K4 Total hours worked for employees and self-employed, seasonally adjusted (million workhours)";"2002K1 Compensation of employees, seasonally adjusted (NOK million)";"2002K1 Total hours worked for employees and self-employed, seasonally adjusted (million workhours)";"2002K2 Compensation of employees, seasonally adjusted (NOK million)";"2002K2 Total hours worked for employees and self-employed, seasonally adjusted (million workhours)";"2002K3 Compensation of employees, seasonally adjusted (NOK million)";"2002K3 Total hours worked for employees and self-employed, seasonally adjusted (million workhours)";"2002K4 Compensation of employees, seasonally adjusted (NOK million)";"2002K4 Total hours worked for employees and self-employed, seasonally adjusted (million workhours)";"2003K1 Compensation of employees, seasonally adjusted (NOK million)";"2003K1 Total hours worked for employees and self-employed, seasonally adjusted (million workhours)";"2003K2 Compensation of employees, seasonally adjusted (NOK million)";"2003K2 Total hours worked for employees and self-employed, seasonally adjusted (million workhours)";"2003K3 Compensation of employees, seasonally adjusted (NOK million)";"2003K3 Total hours worked for employees and self-employed, seasonally adjusted (million workhours)";"2003K4 Compensation of employees, seasonally adjusted (NOK million)";"2003K4 Total hours worked for employees and self-employed, seasonally adjusted (million workhours)";"2004K1 Compensation of employees, seasonally adjusted (NOK million)";"2004K1 Total hours worked for employees and self-employed, seasonally adjusted (million workhours)";"2004K2 Compensation of employees, seasonally adjusted (NOK million)";"2004K2 Total hours worked for employees and self-employed, seasonally adjusted (million workhours)";"2004K3 Compensation of employees, seasonally adjusted (NOK million)";"2004K3 Total hours worked for employees and self-employed, seasonally adjusted (million workhours)";"2004K4 Compensation of employees, seasonally adjusted (NOK million)";"2004K4 Total hours worked for employees and self-employed, seasonally adjusted (million workhours)";"2005K1 Compensation of employees, seasonally adjusted (NOK million)";"2005K1 Total hours worked for employees and self-employed, seasonally adjusted (million workhours)";"2005K2 Compensation of employees, seasonally adjusted (NOK million)";"2005K2 Total hours worked for employees and self-employed, seasonally adjusted (million workhours)";"2005K3 Compensation of employees, seasonally adjusted (NOK million)";"2005K3 Total hours worked for employees and self-employed, seasonally adjusted (million workhours)";"2005K4 Compensation of employees, seasonally adjusted (NOK million)";"2005K4 Total hours worked for employees and self-employed, seasonally adjusted (million workhours)";"2006K1 Compensation of employees, seasonally adjusted (NOK million)";"2006K1 Total hours worked for employees and self-employed, seasonally adjusted (million workhours)";"2006K2 Compensation of employees, seasonally adjusted (NOK million)";"2006K2 Total hours worked for employees and self-employed, seasonally adjusted (million workhours)";"2006K3 Compensation of employees, seasonally adjusted (NOK million)";"2006K3 Total hours worked for employees and self-employed, seasonally adjusted (million workhours)";"2006K4 Compensation of employees, seasonally adjusted (NOK million)";"2006K4 Total hours worked for employees and self-employed, seasonally adjusted (million workhours)";"2007K1 Compensation of employees, seasonally adjusted (NOK million)";"2007K1 Total hours worked for employees and self-employed, seasonally adjusted (million workhours)";"2007K2 Compensation of employees, seasonally adjusted (NOK million)";"2007K2 Total hours worked for employees and self-employed, seasonally adjusted (million workhours)";"2007K3 Compensation of employees, seasonally adjusted (NOK million)";"2007K3 Total hours worked for employees and self-employed, seasonally adjusted (million workhours)";"2007K4 Compensation of employees, seasonally adjusted (NOK million)";"2007K4 Total hours worked for employees and self-employed, seasonally adjusted (million workhours)";"2008K1 Compensation of employees, seasonally adjusted (NOK million)";"2008K1 Total hours worked for employees and self-employed, seasonally adjusted (million workhours)";"2008K2 Compensation of employees, seasonally adjusted (NOK million)";"2008K2 Total hours worked for employees and self-employed, seasonally adjusted (million workhours)";"2008K3 Compensation of employees, seasonally adjusted (NOK million)";"2008K3 Total hours worked for employees and self-employed, seasonally adjusted (million workhours)";"2008K4 Compensation of employees, seasonally adjusted (NOK million)";"2008K4 Total hours worked for employees and self-employed, seasonally adjusted (million workhours)";"2009K1 Compensation of employees, seasonally adjusted (NOK million)";"2009K1 Total hours worked for employees and self-employed, seasonally adjusted (million workhours)";"2009K2 Compensation of employees, seasonally adjusted (NOK million)";"2009K2 Total hours worked for employees and self-employed, seasonally adjusted (million workhours)";"2009K3 Compensation of employees, seasonally adjusted (NOK million)";"2009K3 Total hours worked for employees and self-employed, seasonally adjusted (million workhours)";"2009K4 Compensation of employees, seasonally adjusted (NOK million)";"2009K4 Total hours worked for employees and self-employed, seasonally adjusted (million workhours)";"2010K1 Compensation of employees, seasonally adjusted (NOK million)";"2010K1 Total hours worked for employees and self-employed, seasonally adjusted (million workhours)";"2010K2 Compensation of employees, seasonally adjusted (NOK million)";"2010K2 Total hours worked for employees and self-employed, seasonally adjusted (million workhours)";"2010K3 Compensation of employees, seasonally adjusted (NOK million)";"2010K3 Total hours worked for employees and self-employed, seasonally adjusted (million workhours)";"2010K4 Compensation of employees, seasonally adjusted (NOK million)";"2010K4 Total hours worked for employees and self-employed, seasonally adjusted (million workhours)";"2011K1 Compensation of employees, seasonally adjusted (NOK million)";"2011K1 Total hours worked for employees and self-employed, seasonally adjusted (million workhours)";"2011K2 Compensation of employees, seasonally adjusted (NOK million)";"2011K2 Total hours worked for employees and self-employed, seasonally adjusted (million workhours)";"2011K3 Compensation of employees, seasonally adjusted (NOK million)";"2011K3 Total hours worked for employees and self-employed, seasonally adjusted (million workhours)";"2011K4 Compensation of employees, seasonally adjusted (NOK million)";"2011K4 Total hours worked for employees and self-employed, seasonally adjusted (million workhours)";"2012K1 Compensation of employees, seasonally adjusted (NOK million)";"2012K1 Total hours worked for employees and self-employed, seasonally adjusted (million workhours)";"2012K2 Compensation of employees, seasonally adjusted (NOK million)";"2012K2 Total hours worked for employees and self-employed, seasonally adjusted (million workhours)";"2012K3 Compensation of employees, seasonally adjusted (NOK million)";"2012K3 Total hours worked for employees and self-employed, seasonally adjusted (million workhours)";"2012K4 Compensation of employees, seasonally adjusted (NOK million)";"2012K4 Total hours worked for employees and self-employed, seasonally adjusted (million workhours)";"2013K1 Compensation of employees, seasonally adjusted (NOK million)";"2013K1 Total hours worked for employees and self-employed, seasonally adjusted (million workhours)";"2013K2 Compensation of employees, seasonally adjusted (NOK million)";"2013K2 Total hours worked for employees and self-employed, seasonally adjusted (million workhours)";"2013K3 Compensation of employees, seasonally adjusted (NOK million)";"2013K3 Total hours worked for employees and self-employed, seasonally adjusted (million workhours)";"2013K4 Compensation of employees, seasonally adjusted (NOK million)";"2013K4 Total hours worked for employees and self-employed, seasonally adjusted (million workhours)";"2014K1 Compensation of employees, seasonally adjusted (NOK million)";"2014K1 Total hours worked for employees and self-employed, seasonally adjusted (million workhours)";"2014K2 Compensation of employees, seasonally adjusted (NOK million)";"2014K2 Total hours worked for employees and self-employed, seasonally adjusted (million workhours)";"2014K3 Compensation of employees, seasonally adjusted (NOK million)";"2014K3 Total hours worked for employees and self-employed, seasonally adjusted (million workhours)";"2014K4 Compensation of employees, seasonally adjusted (NOK million)";"2014K4 Total hours worked for employees and self-employed, seasonally adjusted (million workhours)";"2015K1 Compensation of employees, seasonally adjusted (NOK million)";"2015K1 Total hours worked for employees and self-employed, seasonally adjusted (million workhours)";"2015K2 Compensation of employees, seasonally adjusted (NOK million)";"2015K2 Total hours worked for employees and self-employed, seasonally adjusted (million workhours)";"2015K3 Compensation of employees, seasonally adjusted (NOK million)";"2015K3 Total hours worked for employees and self-employed, seasonally adjusted (million workhours)";"2015K4 Compensation of employees, seasonally adjusted (NOK million)";"2015K4 Total hours worked for employees and self-employed, seasonally adjusted (million workhours)";"2016K1 Compensation of employees, seasonally adjusted (NOK million)";"2016K1 Total hours worked for employees and self-employed, seasonally adjusted (million workhours)";"2016K2 Compensation of employees, seasonally adjusted (NOK million)";"2016K2 Total hours worked for employees and self-employed, seasonally adjusted (million workhours)";"2016K3 Compensation of employees, seasonally adjusted (NOK million)";"2016K3 Total hours worked for employees and self-employed, seasonally adjusted (million workhours)";"2016K4 Compensation of employees, seasonally adjusted (NOK million)";"2016K4 Total hours worked for employees and self-employed, seasonally adjusted (million workhours)";"2017K1 Compensation of employees, seasonally adjusted (NOK million)";"2017K1 Total hours worked for employees and self-employed, seasonally adjusted (million workhours)";"2017K2 Compensation of employees, seasonally adjusted (NOK million)";"2017K2 Total hours worked for employees and self-employed, seasonally adjusted (million workhours)";"2017K3 Compensation of employees, seasonally adjusted (NOK million)";"2017K3 Total hours worked for employees and self-employed, seasonally adjusted (million workhours)";"2017K4 Compensation of employees, seasonally adjusted (NOK million)";"2017K4 Total hours worked for employees and self-employed, seasonally adjusted (million workhours)";"2018K1 Compensation of employees, seasonally adjusted (NOK million)";"2018K1 Total hours worked for employees and self-employed, seasonally adjusted (million workhours)";"2018K2 Compensation of employees, seasonally adjusted (NOK million)";"2018K2 Total hours worked for employees and self-employed, seasonally adjusted (million workhours)";"2018K3 Compensation of employees, seasonally adjusted (NOK million)";"2018K3 Total hours worked for employees and self-employed, seasonally adjusted (million workhours)";"2018K4 Compensation of employees, seasonally adjusted (NOK million)";"2018K4 Total hours worked for employees and self-employed, seasonally adjusted (million workhours)";"2019K1 Compensation of employees, seasonally adjusted (NOK million)";"2019K1 Total hours worked for employees and self-employed, seasonally adjusted (million workhours)";"2019K2 Compensation of employees, seasonally adjusted (NOK million)";"2019K2 Total hours worked for employees and self-employed, seasonally adjusted (million workhours)";"2019K3 Compensation of employees, seasonally adjusted (NOK million)";"2019K3 Total hours worked for employees and self-employed, seasonally adjusted (million workhours)";"2019K4 Compensation of employees, seasonally adjusted (NOK million)";"2019K4 Total hours worked for employees and self-employed, seasonally adjusted (million workhours)";"2020K1 Compensation of employees, seasonally adjusted (NOK million)";"2020K1 Total hours worked for employees and self-employed, seasonally adjusted (million workhours)";"2020K2 Compensation of employees, seasonally adjusted (NOK million)";"2020K2 Total hours worked for employees and self-employed, seasonally adjusted (million workhours)";"2020K3 Compensation of employees, seasonally adjusted (NOK million)";"2020K3 Total hours worked for employees and self-employed, seasonally adjusted (million workhours)";"2020K4 Compensation of employees, seasonally adjusted (NOK million)";"2020K4 Total hours worked for employees and self-employed, seasonally adjusted (million workhours)";"2021K1 Compensation of employees, seasonally adjusted (NOK million)";"2021K1 Total hours worked for employees and self-employed, seasonally adjusted (million workhours)";"2021K2 Compensation of employees, seasonally adjusted (NOK million)";"2021K2 Total hours worked for employees and self-employed, seasonally adjusted (million workhours)";"2021K3 Compensation of employees, seasonally adjusted (NOK million)";"2021K3 Total hours worked for employees and self-employed, seasonally adjusted (million workhours)";"2021K4 Compensation of employees, seasonally adjusted (NOK million)";"2021K4 Total hours worked for employees and self-employed, seasonally adjusted (million workhours)";"2022K1 Compensation of employees, seasonally adjusted (NOK million)";"2022K1 Total hours worked for employees and self-employed, seasonally adjusted (million workhours)";"2022K2 Compensation of employees, seasonally adjusted (NOK million)";"2022K2 Total hours worked for employees and self-employed, seasonally adjusted (million workhours)";"2022K3 Compensation of employees, seasonally adjusted (NOK million)";"2022K3 Total hours worked for employees and self-employed, seasonally adjusted (million workhours)";"2022K4 Compensation of employees, seasonally adjusted (NOK million)";"2022K4 Total hours worked for employees and self-employed, seasonally adjusted (million workhours)";"2023K1 Compensation of employees, seasonally adjusted (NOK million)";"2023K1 Total hours worked for employees and self-employed, seasonally adjusted (million workhours)";"2023K2 Compensation of employees, seasonally adjusted (NOK million)";"2023K2 Total hours worked for employees and self-employed, seasonally adjusted (million workhours)";"2023K3 Compensation of employees, seasonally adjusted (NOK million)";"2023K3 Total hours worked for employees and self-employed, seasonally adjusted (million workhours)";"2023K4 Compensation of employees, seasonally adjusted (NOK million)";"2023K4 Total hours worked for employees and self-employed, seasonally adjusted (million workhours)";"2024K1 Compensation of employees, seasonally adjusted (NOK million)";"2024K1 Total hours worked for employees and self-employed, seasonally adjusted (million workhours)";"2024K2 Compensation of employees, seasonally adjusted (NOK million)";"2024K2 Total hours worked for employees and self-employed, seasonally adjusted (million workhours)";"2024K3 Compensation of employees, seasonally adjusted (NOK million)";"2024K3 Total hours worked for employees and self-employed, seasonally adjusted (million workhours)";"2024K4 Compensation of employees, seasonally adjusted (NOK million)";"2024K4 Total hours worked for employees and self-employed, seasonally adjusted (million workhours)";"2025K1 Compensation of employees, seasonally adjusted (NOK million)";"2025K1 Total hours worked for employees and self-employed, seasonally adjusted (million workhours)";"2025K2 Compensation of employees, seasonally adjusted (NOK million)";"2025K2 Total hours worked for employees and self-employed, seasonally adjusted (million workhours)";"2025K3 Compensation of employees, seasonally adjusted (NOK million)";"2025K3 Total hours worked for employees and self-employed, seasonally adjusted (million workhours)";"2025K4 Compensation of employees, seasonally adjusted (NOK million)";"2025K4 Total hours worked for employees and self-employed, seasonally adjusted (million workhours)"
"Total industry";156364;835.8;158782;838.7;160845;836.8;162600;835.8;166415;823.7;167856;824.9;169300;821.6;173503;821.2;172884;812.9;175694;814.5;179749;820.0;180598;817.3;180492;793.3;180889;795.7;183168;800.7;182810;799.2;184990;806.8;188815;809.8;191435;814.3;195959;816.1;198237;818.2;201565;822.0;201867;825.8;206692;828.8;213504;843.5;217599;846.4;222836;851.3;227539;854.5;235014;883.7;239979;886.1;247541;891.1;252177;893.9;258793;909.1;266115;923.5;269958;923.5;274896;924.2;271419;899.8;273128;900.6;276384;903.3;281691;909.2;280474;906.4;281551;904.9;285946;905.3;290784;908.9;296192;912.7;298370;918.0;306524;926.6;310336;930.8;318738;935.1;321448;936.5;323313;939.6;330248;941.7;335923;929.0;341538;941.8;344063;949.5;346928;947.9;350449;947.7;354384;950.3;357241;952.7;361042;958.8;365560;960.2;362079;959.3;368202;955.9;369743;950.3;370035;954.0;371582;948.1;373640;958.2;375497;957.3;379006;964.8;383695;965.5;387831;965.7;390152;970.5;396450;969.2;403873;990.0;405593;986.6;411431;990.5;417456;992.0;422297;994.6;430991;1001.8;439139;1009.5;437188;995.9;417942;951.3;426342;962.4;436252;973.5;444622;973.8;447656;979.6;458618;1001.6;472082;1015.9;481724;1015.1;494424;1026.2;497047;1031.4;503882;1033.9;519310;1036.9;520662;1036.3;533949;1035.5;549334;1037.8;550664;1038.5;559558;1034.0;566546;1036.9;575197;1041.8;581319;1045.0;591843;1046.9;592465;1048.8;593819;1048.6
"Agriculture and forestry";1009;38.1;1048;37.7;1050;37.3;1015;36.9;1034;35.9;985;35.6;982;35.1;986;34.8;984;34.3;982;33.9;1011;33.5;1038;33.1;1034;32.7;1009;32.4;1023;32.0;1047;31.6;1029;31.9;1038;31.5;1034;31.0;1039;30.7;1087;29.9;1091;29.5;1082;29.0;1107;28.7;1165;28.5;1172;27.9;1124;27.2;1136;27.2;1151;27.9;1194;27.0;1231;25.9;1251;26.4;1178;25.4;1257;26.0;1287;26.1;1278;25.4;1197;24.3;1244;24.5;1261;24.7;1263;24.4;1302;24.9;1312;24.4;1336;24.2;1334;23.6;1349;23.1;1416;23.5;1405;23.3;1423;23.2;1429;23.3;1448;23.2;1475;23.0;1487;22.5;1516;23.0;1505;22.8;1513;22.5;1510;21.4;1511;22.8;1562;22.3;1577;21.6;1613;21.2;1626;23.8;1581;22.8;1606;21.0;1701;20.4;1649;21.4;1662;21.5;1664;21.1;1724;21.3;1717;21.8;1735;21.5;1757;21.8;1766;22.2;1801;21.5;1814;20.9;1808;21.1;1811;20.9;1860;20.3;1877;20.7;1906;21.0;1923;21.0;1910;20.9;1936;20.9;1880;20.9;1953;20.1;1987;20.7;1965;19.2;2004;20.9;2036;19.7;2099;20.4;2155;21.2;2168;20.7;2201;20.3;2276;20.1;2239;20.1;2239;20.5;2353;20.8;2366;20.3;2428;19.3;2466;20.0;2505;19.8;2491;20.1;2574;19.8;2603;19.9;2542;20.0
"Fishing and aquaculture";489;9.9;472;9.9;508;9.8;506;9.8;494;9.0;470;9.0;485;9.0;493;9.0;483;8.8;491;8.8;501;8.8;498;8.8;467;7.8;459;7.8;441;7.8;443;7.8;442;7.3;442;7.3;446;7.3;433;7.3;444;6.6;456;6.6;460;6.6;474;6.6;528;7.0;531;7.0;535;6.9;550;6.9;600;6.8;599;6.8;606;6.7;654;6.8;662;7.1;697;7.2;723;7.1;736;6.8;742;6.1;764;6.2;796;6.4;812;6.5;864;6.5;913;6.5;979;6.6;1012;6.7;1011;6.6;1060;6.7;1067;7.0;1012;6.3;1104;7.0;1108;6.8;1064;6.7;1039;6.6;1099;6.6;1111;6.6;1159;6.7;1188;6.9;1211;6.7;1248;6.9;1303;7.0;1327;7.0;1377;7.2;1391;7.2;1460;7.2;1379;7.2;1460;7.3;1521;7.4;1596;7.5;1633;7.5;1699;7.6;1737;7.6;1748;7.7;1800;7.9;1867;8.0;1921;8.0;1924;7.9;1970;8.2;2026;8.1;2016;8.2;2151;8.4;2218;8.3;2272;8.4;2342;8.3;2325;8.5;2337;8.6;2489;8.3;2572;8.6;2565;8.5;2649;8.9;2812;8.9;2892;9.0;2965;9.0;3105;9.2;3217;9.4;3280;9.4;3335;9.3;3471;9.3;3451;9.4;3583;9.4;3616;9.3;3920;9.3;3886;9.4;3988;9.5;3993;9.5;3836;9.4
"Mining and quarrying";340;1.6;338;1.6;337;1.6;343;1.7;378;1.7;375;1.7;372;1.7;382;1.7;379;1.7;385;1.7;395;1.7;386;1.7;384;1.6;392;1.6;403;1.6;408;1.6;434;1.6;463;1.6;465;1.7;497;1.7;464;1.7;474;1.7;490;1.7;505;1.7;503;1.7;535;1.7;548;1.7;557;1.7;564;1.8;586;1.8;617;1.8;624;1.8;635;1.8;638;1.9;621;1.9;660;1.9;606;1.7;586;1.7;587;1.8;600;1.8;598;1.7;597;1.7;603;1.8;612;1.8;655;1.7;670;1.8;692;1.8;677;1.9;759;1.9;738;1.9;711;1.9;763;2.0;756;1.9;745;1.9;744;1.9;753;1.9;755;1.9;760;1.9;769;1.9;756;1.9;755;1.9;759;1.9;757;1.9;741;1.8;736;1.7;724;1.7;685;1.7;705;1.7;697;1.7;701;1.7;710;1.7;725;1.7;734;1.8;733;1.8;758;1.8;764;1.8;764;1.8;777;1.8;783;1.8;787;1.8;815;1.8;801;1.8;789;1.8;808;1.8;834;1.8;833;1.8;850;1.8;841;1.8;858;1.8;877;1.8;886;1.8;907;1.8;938;1.8;933;1.8;951;1.8;960;1.8;969;1.8;1005;1.8;998;1.8;1027;1.8;1037;1.8;1027;1.8;1030;1.8;1009;1.8
"Oil and gas extraction including services";4031;10.9;4092;10.9;4142;10.9;4302;11.0;4714;12.4;4969;12.4;5194;12.4;5263;12.4;5409;13.6;5645;13.6;5789;13.6;5761;13.7;5594;13.4;5820;13.5;5925;13.5;6020;13.5;5896;13.9;5986;13.9;6067;14.0;6292;14.0;6526;14.6;6623;14.6;7015;14.6;7214;14.7;6842;14.7;7109;14.8;7908;14.8;8006;14.8;8369;17.7;8490;17.7;10093;17.7;9496;17.8;9549;17.8;10185;17.9;11855;20.7;12310;20.7;12621;20.3;12790;20.4;12643;20.5;13130;20.9;13143;20.9;13330;21.1;13202;21.3;13884;22.3;14722;22.1;14895;22.4;15516;22.7;15751;23.6;16996;24.1;16879;24.0;17012;24.5;18524;25.4;18657;25.5;19176;25.9;19535;26.0;20261;26.5;20179;26.7;20290;26.7;20382;26.2;19661;25.7;19784;25.9;18833;24.2;18648;23.4;18980;22.5;18246;21.5;17127;20.8;17192;20.5;15932;19.8;15820;19.7;16786;20.2;16780;20.3;16008;20.0;16047;20.0;18397;20.4;17226;20.5;17029;21.1;18299;21.6;18126;22.0;19035;22.5;20642;23.3;19821;23.4;20042;22.5;19817;22.3;19116;22.5;19835;22.9;20455;23.4;20921;23.1;20418;23.2;21965;22.6;22011;22.7;21747;22.8;21341;23.3;23382;23.6;23661;24.2;24567;24.9;26049;24.8;25655;24.8;26339;25.0;26746;25.4;27494;25.8;28002;26.2;28206;26.3;28388;26.6;28334;26.9
"¬ Oil and gas extraction";3005;7.6;2984;7.7;2982;7.6;2982;7.7;3203;7.7;3278;7.7;3399;7.7;3470;7.7;3361;7.4;3482;7.4;3538;7.4;3463;7.4;3550;7.5;3655;7.5;3660;7.4;3758;7.4;3671;7.5;3653;7.5;3677;7.5;3779;7.5;3862;7.6;3907;7.6;4058;7.6;4103;7.6;3677;7.2;3864;7.2;4143;7.2;4341;7.2;4399;7.5;4311;7.5;4650;7.4;4798;7.4;4958;7.4;5212;7.4;6414;9.0;6588;8.9;6541;8.8;6678;8.8;6753;8.9;6924;9.1;7037;9.2;7153;9.4;7109;9.6;7228;9.7;7778;10.0;7927;10.1;8313;10.2;8387;10.6;8863;10.7;8822;10.5;8722;10.9;9636;11.1;9536;11.1;9794;11.2;9897;11.2;10283;11.3;10133;11.4;10179;11.4;10204;11.2;9876;10.9;9625;10.5;9322;10.2;9490;10.2;9934;9.9;9561;9.8;8995;9.8;9603;9.7;8835;9.6;8717;9.5;9430;9.4;9231;9.3;8507;9.3;8536;9.4;10668;9.4;9414;9.4;9015;9.5;10021;9.5;9493;9.6;9918;9.7;10982;9.7;9853;9.7;10652;9.7;10757;9.6;9661;9.5;9821;9.6;10452;9.7;11056;9.7;10432;9.7;12102;9.6;11941;9.8;11789;9.9;11151;10.0;12961;10.1;12444;10.3;13014;10.5;14454;10.6;13725;10.7;13991;10.6;14442;10.8;14430;10.9;14485;11.0;14787;11.0;14728;11.1;14458;11.2
"¬ Service activities incidental to oil and gas";1026;3.3;1107;3.3;1160;3.3;1320;3.3;1511;4.6;1691;4.7;1794;4.7;1793;4.7;2047;6.2;2163;6.2;2251;6.2;2297;6.3;2044;6.0;2165;6.0;2265;6.0;2262;6.1;2225;6.4;2334;6.4;2390;6.5;2513;6.5;2665;7.0;2716;7.0;2957;7.1;3111;7.1;3165;7.5;3245;7.6;3766;7.6;3665;7.6;3970;10.2;4179;10.2;5443;10.3;4697;10.3;4591;10.4;4973;10.6;5441;11.6;5722;11.8;6080;11.5;6112;11.6;5890;11.5;6206;11.9;6106;11.7;6177;11.7;6094;11.8;6656;12.6;6944;12.1;6968;12.3;7203;12.5;7364;13.0;8133;13.4;8057;13.5;8291;13.6;8889;14.2;9120;14.4;9382;14.7;9638;14.8;9979;15.2;10046;15.3;10111;15.3;10178;15.1;9785;14.9;10159;15.3;9511;13.9;9159;13.2;9046;12.6;8684;11.7;8132;11.1;7589;10.8;7097;10.2;7104;10.2;7356;10.8;7549;11.1;7501;10.7;7511;10.7;7729;11.0;7812;11.1;8014;11.6;8278;12.0;8633;12.4;9117;12.8;9660;13.6;9968;13.7;9390;12.8;9060;12.7;9455;13.0;10014;13.3;10004;13.7;9864;13.4;9986;13.5;9863;13.0;10070;12.9;9958;12.9;10190;13.3;10421;13.5;11217;13.9;11553;14.4;11595;14.2;11931;14.2;12348;14.4;12303;14.6;13065;14.9;13517;15.2;13419;15.3;13659;15.5;13877;15.7
"Manufacturing";22188;106.4;22316;106.4;22489;105.8;22447;105.0;22503;102.6;22736;101.8;22921;101.4;23197;101.1;23215;99.0;23640;98.3;23570;97.9;23683;97.6;23031;93.0;23044;92.6;23231;92.4;23290;92.2;23247;91.4;23605;91.3;24041;91.4;24304;91.6;24856;93.1;25316;93.2;25455;93.5;25846;93.7;27717;98.4;28331;98.6;28932;99.0;29653;99.1;29654;101.2;30371;101.6;30887;101.9;31882;101.9;31702;101.6;32241;102.5;32906;102.7;33311;102.9;31336;96.6;31044;95.4;31187;94.0;31046;93.3;30615;92.1;30530;91.0;30308;90.3;30825;90.1;31384;89.6;31220;90.1;32369;91.1;32439;91.5;33540;91.3;33459;91.4;33933;92.3;34392;92.2;35030;91.0;35399;91.1;35720;92.1;36238;92.6;36715;92.5;37072;92.5;37182;92.8;37016;91.7;36890;91.3;36826;89.6;36411;88.4;36321;87.4;36104;86.1;35938;84.5;35180;84.3;35338;84.2;35175;84.0;35154;83.3;35656;82.8;36054;83.1;36327;83.8;36237;84.8;37420;84.8;37253;85.3;38182;85.9;38709;86.5;39352;86.8;39997;86.8;39254;86.4;37341;82.3;37921;82.7;39148;83.4;39480;83.7;39812;84.3;40524;85.5;40611;86.3;41757;85.7;42884;85.9;42915;86.1;43583;86.4;45412;86.7;44660;86.8;46139;87.4;47192;87.6;47770;87.7;48423;87.5;49647;88.2;50767;89.4;51156;90.0;52788;90.8;52623;90.7;52673;90.6
"¬ Food products, beverages and tobacco";3845;20.7;3961;20.7;3971;20.7;3940;20.7;3910;20.0;4041;20.0;4110;20.0;4130;20.0;4232;19.7;4247;19.7;4312;19.7;4398;19.7;4319;19.2;4297;19.2;4341;19.1;4409;19.1;4355;18.7;4371;18.7;4435;18.7;4422;18.6;4449;18.1;4451;18.1;4485;18.1;4540;18.1;4599;18.2;4725;18.3;4733;18.3;4795;18.2;4899;18.8;4955;18.8;5111;18.8;5197;18.8;5245;18.9;5298;18.8;5243;18.7;5335;19.0;5346;18.4;5420;18.4;5468;18.5;5381;18.4;5420;18.6;5363;18.3;5316;18.3;5560;18.2;5554;18.3;5471;18.1;5747;18.5;5838;18.9;5898;18.3;5954;18.2;6057;18.9;6113;19.0;6192;18.2;6194;17.9;6168;18.6;6319;18.7;6367;18.3;6505;18.2;6400;18.6;6306;18.5;6379;18.4;6449;18.4;6595;18.3;6754;18.3;6758;18.5;6733;18.3;6641;18.5;6910;18.7;6884;18.7;6875;18.5;6956;18.7;7142;18.8;7083;18.8;7103;18.9;7374;18.8;7116;18.8;7322;18.7;7391;18.8;7452;18.8;7470;18.8;7518;18.8;7363;18.4;7479;18.6;7779;18.8;7954;19.0;8038;19.0;8076;19.4;8102;19.5;8244;19.4;8463;19.2;8352;19.2;8457;19.2;8821;19.2;8590;19.4;8999;19.5;9124;19.4;9247;19.5;9344;19.5;9566;19.6;9839;19.9;9810;20.0;10126;20.2;10173;20.3;10130;20.1
"¬¬ Food products excl. processing of fish, incl. beverages and tobacco";3082;16.3;3144;16.3;3185;16.3;3164;16.3;3133;15.7;3182;15.6;3272;15.6;3341;15.6;3409;15.4;3423;15.3;3452;15.3;3560;15.3;3533;15.1;3530;15.1;3557;15.1;3601;15.1;3576;14.9;3587;14.9;3656;14.9;3667;14.9;3697;14.6;3729;14.6;3777;14.6;3797;14.6;3845;14.9;3976;14.9;3998;14.8;4037;14.8;4132;15.2;4146;15.2;4294;15.2;4420;15.2;4427;15.3;4481;15.4;4422;15.4;4504;15.5;4497;14.9;4547;14.9;4546;15.0;4427;14.6;4479;14.9;4436;14.7;4365;14.7;4581;14.6;4524;14.3;4516;14.5;4718;14.8;4799;15.1;4831;14.3;4872;14.3;4953;15.0;4993;14.9;5060;14.2;5036;14.0;4996;14.7;5102;14.6;5115;14.1;5239;14.2;5130;14.5;5028;14.3;5153;14.4;5191;14.3;5272;14.2;5403;14.2;5423;14.3;5382;14.1;5288;14.3;5567;14.5;5489;14.5;5462;14.2;5539;14.3;5684;14.4;5598;14.4;5600;14.5;5871;14.4;5605;14.3;5776;14.2;5877;14.3;5852;14.3;5837;14.2;5876;14.1;5686;13.7;5830;13.9;6012;14.0;6180;14.1;6223;14.2;6187;14.4;6230;14.5;6329;14.3;6475;14.2;6356;14.1;6434;14.1;6659;14.1;6441;14.1;6828;14.1;6849;14.0;6969;14.1;7033;14.0;7151;14.1;7314;14.3;7345;14.4;7510;14.5;7543;14.5;7533;14.4
"¬¬ Processing and preserving of fish, crustaceans and molluscs";763;4.4;817;4.4;786;4.4;776;4.4;777;4.4;859;4.4;838;4.4;789;4.4;823;4.4;823;4.4;860;4.4;838;4.4;786;4.0;767;4.0;784;4.0;808;4.0;778;3.8;784;3.8;779;3.8;755;3.8;752;3.5;722;3.5;708;3.5;743;3.5;754;3.4;749;3.4;735;3.4;758;3.4;767;3.6;809;3.6;817;3.6;777;3.6;818;3.5;817;3.4;821;3.3;831;3.5;849;3.5;873;3.5;922;3.5;954;3.8;942;3.8;927;3.6;951;3.6;980;3.7;1030;4.0;955;3.6;1029;3.7;1038;3.8;1067;4.0;1082;3.9;1103;3.9;1120;4.0;1132;4.0;1158;3.9;1172;3.9;1216;4.1;1252;4.3;1265;4.0;1270;4.1;1278;4.2;1226;4.0;1258;4.1;1323;4.1;1352;4.1;1334;4.1;1351;4.2;1353;4.2;1343;4.2;1395;4.3;1414;4.3;1417;4.4;1457;4.3;1485;4.3;1504;4.4;1503;4.4;1510;4.4;1546;4.4;1514;4.5;1601;4.5;1633;4.6;1642;4.7;1678;4.7;1649;4.7;1768;4.7;1774;4.9;1815;4.8;1889;5.0;1872;5.1;1915;5.1;1987;5.0;1996;5.1;2023;5.1;2162;5.2;2149;5.3;2171;5.3;2276;5.4;2278;5.4;2311;5.4;2415;5.5;2524;5.7;2464;5.6;2616;5.7;2630;5.8;2597;5.7
"¬ Textiles, wearing apparel, leather";429;2.8;421;2.7;427;2.7;431;2.7;427;2.5;417;2.4;426;2.4;432;2.4;404;2.2;413;2.1;393;2.1;391;2.1;383;2.0;373;1.9;366;1.9;363;1.9;359;1.9;369;1.8;370;1.8;365;1.8;365;1.8;378;1.7;379;1.7;369;1.7;391;1.8;401;1.8;407;1.8;405;1.8;426;1.8;441;1.8;433;1.9;437;1.9;435;1.9;422;2.0;448;2.0;454;2.0;398;1.7;378;1.7;397;1.7;401;1.6;403;1.6;393;1.6;377;1.6;388;1.6;396;1.6;403;1.6;423;1.6;426;1.6;416;1.5;416;1.5;408;1.5;403;1.5;400;1.5;410;1.5;423;1.5;421;1.5;426;1.5;421;1.5;410;1.5;413;1.5;424;1.5;422;1.5;428;1.5;434;1.5;438;1.5;443;1.5;449;1.5;456;1.5;462;1.5;474;1.6;486;1.6;489;1.6;523;1.6;531;1.7;546;1.7;559;1.7;557;1.7;570;1.7;560;1.7;561;1.7;538;1.7;482;1.5;529;1.6;561;1.6;571;1.6;631;1.7;616;1.7;620;1.7;648;1.7;647;1.7;643;1.7;654;1.7;661;1.6;648;1.6;658;1.7;676;1.7;669;1.7;703;1.7;703;1.7;705;1.7;713;1.7;728;1.7;722;1.6;720;1.6
"¬Manufacture of wood and wood products, except furniture";978;6.2;1002;6.2;1020;6.1;1030;6.0;1066;5.8;1036;5.9;1057;5.8;1067;5.8;1066;5.6;1058;5.5;1073;5.5;1080;5.5;1088;5.5;1092;5.4;1109;5.5;1106;5.4;1098;5.4;1169;5.5;1150;5.5;1171;5.5;1196;5.6;1231;5.5;1237;5.6;1268;5.5;1280;5.7;1307;5.7;1349;5.7;1378;5.7;1431;6.0;1471;6.1;1492;6.0;1559;6.1;1480;5.9;1490;5.8;1498;5.7;1476;5.6;1323;5.0;1321;5.0;1334;5.0;1344;4.9;1357;5.0;1361;5.1;1388;5.1;1418;5.1;1420;5.0;1449;5.1;1441;5.1;1502;5.2;1450;5.1;1524;5.2;1500;5.1;1475;5.0;1483;4.9;1466;4.9;1475;4.9;1493;4.9;1489;4.8;1488;4.8;1499;4.8;1512;4.8;1534;4.7;1488;4.8;1549;4.8;1558;4.7;1563;4.8;1617;4.8;1626;4.9;1654;4.9;1687;5.0;1710;5.0;1697;5.0;1755;5.0;1742;5.1;1751;5.1;1777;5.1;1772;5.1;1798;5.0;1795;5.0;1834;5.1;1828;5.1;1842;5.1;1866;5.0;1782;5.0;1932;5.0;1965;5.2;2020;5.2;2018;5.2;2087;5.3;2155;5.4;2182;5.3;2148;5.2;2144;5.2;2205;5.1;2115;5.0;2087;4.9;2063;4.8;2048;4.7;2041;4.5;2089;4.6;2098;4.6;2095;4.6;2088;4.5;2064;4.4;2029;4.3
"¬ Manufacture of paper and paper products";851;4.0;867;4.0;892;4.0;887;3.9;884;3.8;879;3.8;854;3.7;861;3.7;853;3.5;829;3.4;784;3.4;775;3.4;781;3.0;759;3.0;778;3.0;765;2.9;745;2.9;765;2.9;762;2.9;750;2.9;739;2.7;739;2.6;732;2.6;718;2.6;731;2.4;703;2.4;684;2.4;679;2.3;642;2.1;672;2.1;628;2.1;647;2.1;651;2.1;634;2.0;638;2.0;629;2.0;614;1.8;601;1.8;598;1.8;595;1.8;544;1.7;574;1.7;542;1.7;545;1.6;541;1.6;539;1.6;565;1.6;522;1.5;545;1.5;393;1.1;398;1.1;390;1.1;422;1.1;408;1.1;401;1.1;396;1.0;368;1.0;375;1.0;363;1.0;370;0.9;417;1.0;399;1.0;404;1.1;400;1.0;419;1.0;396;1.0;410;1.0;408;1.0;425;1.0;470;1.1;464;1.0;476;1.1;466;1.1;476;1.1;477;1.1;495;1.1;492;1.1;493;1.1;497;1.1;501;1.1;499;1.1;484;1.1;472;1.0;489;1.1;505;1.1;522;1.1;520;1.1;511;1.1;535;1.1;547;1.1;544;1.1;550;1.0;588;1.1;550;1.0;564;1.0;584;1.0;601;1.1;600;1.0;597;1.0;613;1.0;589;1.0;605;1.0;619;1.0;590;1.0
"¬ Printing and reproduction of recorded media";972;4.2;983;4.2;963;4.1;953;4.1;901;3.8;885;3.6;905;3.7;886;3.6;863;3.3;847;3.3;844;3.2;838;3.2;825;3.1;819;3.0;810;3.0;808;2.9;817;3.1;809;3.0;824;3.1;832;3.1;833;3.0;846;3.0;828;3.0;830;3.0;848;3.1;858;3.0;848;3.0;852;3.0;879;3.0;889;3.0;863;3.0;882;3.0;903;3.1;899;3.0;911;3.0;902;3.0;842;2.8;830;2.7;834;2.7;833;2.6;825;2.6;811;2.6;819;2.5;797;2.5;795;2.4;792;2.4;808;2.4;822;2.4;841;2.4;813;2.4;799;2.3;790;2.3;782;2.2;808;2.2;795;2.2;779;2.2;756;2.1;771;2.1;740;2.1;739;2.1;756;2.1;751;2.0;731;2.0;721;2.0;690;1.9;666;1.8;661;1.8;680;1.9;685;1.9;688;1.8;682;1.8;675;1.8;669;1.8;675;1.8;668;1.8;661;1.8;673;1.8;665;1.8;679;1.8;669;1.7;667;1.8;543;1.5;517;1.4;545;1.4;564;1.4;535;1.4;566;1.4;577;1.4;590;1.4;598;1.4;608;1.4;619;1.4;625;1.4;619;1.4;631;1.4;634;1.4;630;1.4;629;1.3;628;1.3;620;1.3;631;1.3;638;1.3;629;1.3;627;1.3
"¬ Refined petroleum, chemical and pharmaceutical products";1599;6.0;1631;6.0;1635;6.0;1639;5.9;1675;5.8;1683;5.7;1686;5.7;1711;5.7;1704;5.6;1744;5.6;1749;5.6;1808;5.6;1753;5.7;1836;5.6;1841;5.6;1908;5.6;1992;5.9;1993;5.9;2054;5.9;2103;5.8;2195;6.1;2163;6.1;2197;6.1;2189;6.0;2368;6.0;2408;6.0;2438;6.0;2427;5.9;2422;5.8;2494;5.8;2549;5.7;2504;5.7;2377;5.3;2406;5.3;2475;5.4;2583;5.4;2352;5.4;2307;5.2;2241;5.0;2274;4.9;2406;5.1;2380;5.1;2421;5.2;2506;5.1;2516;5.2;2505;5.2;2514;5.2;2508;5.1;2498;4.8;2420;4.9;2418;4.8;2373;4.6;2685;4.9;2590;4.9;2607;4.9;2546;4.9;2530;4.8;2654;4.8;2570;4.8;2640;4.8;2637;5.2;2589;5.2;2641;5.1;2708;5.1;2746;5.0;2727;5.0;2704;5.1;2792;5.2;2727;5.2;2812;5.1;2845;5.1;2860;5.1;2922;5.2;2884;5.3;2979;5.2;2947;5.2;3020;5.3;3021;5.3;3062;5.3;3167;5.2;3089;5.2;2994;5.1;3084;5.1;3219;5.2;3326;5.3;3211;5.2;3262;5.3;3285;5.4;3556;5.4;3612;5.4;3539;5.4;3527;5.5;3656;5.5;3777;5.5;3810;5.5;3909;5.5;3919;5.5;3922;5.5;4050;5.5;4137;5.6;4181;5.6;4235;5.5;4232;5.5;4131;5.5
"¬¬ Manufacture of basic chemicals etc";582;2.2;608;2.2;616;2.2;616;2.2;641;2.2;639;2.2;637;2.2;648;2.2;643;2.1;636;2.1;641;2.1;686;2.1;639;2.1;674;2.1;659;2.1;707;2.1;837;2.6;829;2.6;864;2.7;881;2.6;970;2.9;940;2.9;950;2.9;934;2.8;1025;2.9;1036;2.9;1040;2.9;1028;2.8;1032;2.7;1064;2.7;1090;2.7;1038;2.6;943;2.4;968;2.5;1031;2.6;1095;2.6;1023;2.5;964;2.4;896;2.2;925;2.2;1077;2.5;1062;2.5;1116;2.6;1159;2.6;1137;2.5;1124;2.5;1109;2.5;1093;2.5;1063;2.2;1053;2.4;1004;2.2;971;2.2;1080;2.2;1024;2.1;1060;2.2;1028;2.2;1058;2.2;1124;2.2;1097;2.3;1145;2.3;1193;2.3;1152;2.3;1197;2.3;1240;2.3;1232;2.2;1274;2.2;1272;2.4;1308;2.4;1256;2.4;1321;2.3;1328;2.3;1347;2.3;1403;2.4;1337;2.5;1407;2.4;1408;2.4;1424;2.5;1415;2.4;1425;2.4;1446;2.3;1405;2.3;1390;2.3;1424;2.3;1460;2.3;1534;2.4;1529;2.4;1551;2.4;1576;2.5;1666;2.5;1742;2.5;1647;2.4;1670;2.4;1779;2.4;1768;2.4;1804;2.4;1847;2.4;1815;2.4;1817;2.4;1865;2.4;1893;2.4;1863;2.4;1976;2.4;1909;2.3;1817;2.3
"¬ Rubber, plastic and mineral products";1318;6.1;1323;6.0;1333;6.0;1349;5.9;1323;5.9;1324;5.7;1331;5.7;1349;5.7;1295;5.6;1366;5.5;1388;5.5;1375;5.5;1325;5.4;1371;5.3;1397;5.3;1416;5.3;1349;5.4;1399;5.3;1417;5.3;1441;5.4;1484;5.6;1517;5.6;1515;5.7;1557;5.8;1648;5.9;1650;5.9;1667;5.9;1680;6.0;1839;6.4;1861;6.5;1871;6.4;1916;6.5;1882;6.5;1978;6.7;2038;6.7;2085;6.7;1802;5.8;1832;5.8;1859;5.8;1886;5.7;1841;5.6;1786;5.6;1788;5.6;1809;5.5;1882;5.6;1854;5.6;1991;5.7;1930;5.7;1965;5.6;2002;5.7;2034;5.7;2037;5.7;2061;5.5;2085;5.5;2013;5.5;2065;5.5;2093;5.5;2106;5.5;2119;5.5;2149;5.5;2160;5.5;2166;5.5;2163;5.5;2144;5.4;2189;5.5;2216;5.5;2258;5.6;2285;5.7;2317;5.7;2364;5.8;2354;5.7;2388;5.8;2416;5.8;2435;5.9;2495;5.9;2554;5.9;2492;5.9;2529;5.8;2530;5.8;2532;5.8;2554;5.7;2445;5.6;2425;5.6;2521;5.6;2518;5.5;2532;5.6;2677;5.8;2699;5.9;2690;5.8;2747;5.9;2793;5.8;2809;5.9;2883;5.8;2817;5.7;2844;5.7;2868;5.6;2918;5.6;3040;5.6;2979;5.5;3062;5.6;3081;5.6;3073;5.6;3084;5.6;3053;5.5
"¬ Basic metals";1382;6.1;1372;6.0;1388;5.9;1371;5.9;1378;5.8;1362;5.7;1343;5.6;1394;5.6;1341;4.9;1316;4.9;1310;4.9;1335;4.8;1392;5.4;1430;5.3;1454;5.3;1451;5.2;1489;5.1;1532;5.1;1561;5.0;1550;5.0;1478;5.0;1466;5.0;1488;4.9;1457;4.9;1684;5.4;1681;5.4;1665;5.4;1670;5.4;1619;5.1;1672;5.1;1604;5.0;1657;5.0;1729;5.3;1802;5.3;1855;5.3;1815;5.1;1748;5.0;1637;4.5;1681;4.5;1631;4.3;1425;4.1;1538;4.2;1562;4.1;1593;4.1;1652;4.1;1580;4.1;1535;4.0;1575;4.0;1632;3.8;1537;3.8;1581;3.8;1546;3.7;1507;3.6;1538;3.6;1648;3.6;1485;3.5;1622;3.6;1639;3.6;1597;3.7;1610;3.6;1667;3.7;1677;3.7;1714;3.7;1841;3.9;1838;3.9;1878;3.8;1859;4.0;1892;4.0;1887;4.0;1935;4.0;1988;4.0;1961;4.0;2029;3.9;2028;4.1;2099;4.0;2035;4.0;2102;4.1;2114;4.1;2144;4.1;2221;4.1;2069;4.0;2087;4.0;2129;4.0;2170;4.0;2096;4.1;2189;3.9;2235;4.0;2193;4.0;2349;4.2;2378;4.2;2352;4.1;2393;4.2;2487;4.1;2428;4.1;2527;4.2;2567;4.2;2638;4.1;2675;4.2;2756;4.2;2772;4.3;2822;4.3;2927;4.3;2929;4.3;2973;4.3
"¬ Machinery and other equipment n.e.c";5456;25.7;5463;25.6;5531;25.4;5567;25.3;5660;25.2;5692;25.0;5750;24.9;5780;24.9;5693;24.1;5870;23.9;5800;23.8;5800;23.7;5469;21.7;5466;21.6;5475;21.5;5412;21.6;5318;21.1;5437;21.1;5524;21.1;5565;21.2;5932;22.5;6104;22.6;6110;22.7;6221;22.9;6634;23.9;6806;24.0;6994;24.2;7282;24.4;7492;25.6;7731;25.7;7916;25.9;8217;25.9;8280;25.6;8417;26.2;8647;26.4;8809;26.7;8851;25.7;8747;25.5;8829;25.2;8696;24.9;8514;24.5;8359;24.1;8389;24.0;8488;24.0;8633;23.8;8829;24.2;8942;24.5;9094;24.6;9804;25.5;9702;25.5;9648;25.8;10025;25.9;10219;25.6;10301;26.0;10677;26.1;10753;26.3;11039;26.8;11021;26.6;11457;26.7;11254;26.3;11424;26.6;11322;25.6;10884;25.0;10844;24.8;10605;23.8;10571;23.0;10086;22.5;9981;22.2;9809;21.8;9707;21.6;9868;21.3;9941;21.3;10010;21.4;9862;21.6;10191;21.7;10408;22.2;10738;22.6;10926;22.9;11114;23.0;11169;23.2;11135;23.1;10594;21.9;10728;21.9;11177;21.8;11030;21.9;11242;22.1;11523;22.6;11546;22.7;11789;22.6;12234;22.8;12298;23.0;12637;23.3;13354;23.5;13015;23.7;13471;24.1;13930;24.4;14058;24.6;14307;24.6;14802;24.9;15169;25.3;15388;25.6;16059;26.0;16129;26.2;16411;26.5
"¬ Building of ships, oil platforms and moduls and other transport equipment";3329;14.4;3256;14.5;3276;14.4;3230;14.3;3206;13.9;3337;13.9;3369;13.8;3460;13.8;3611;14.6;3755;14.6;3775;14.5;3728;14.5;3583;13.0;3516;13.0;3545;12.9;3552;12.9;3572;12.9;3593;12.9;3679;12.9;3793;12.9;3795;13.1;3936;13.1;3972;13.1;4142;13.1;4472;15.1;4641;15.1;4902;15.2;5099;15.1;4487;14.2;4574;14.3;4700;14.3;5004;14.1;4925;14.5;5038;14.5;5184;14.5;5139;14.3;4568;13.1;4445;12.9;4442;12.4;4542;12.6;4297;11.8;4360;11.4;4163;11.2;4107;11.2;4284;10.9;4145;11.1;4706;11.3;4469;11.3;4695;11.5;4740;11.7;4982;11.8;5065;11.8;5000;11.9;5269;11.8;5171;11.9;5445;12.1;5472;12.3;5574;12.4;5498;12.1;5427;11.8;4820;10.9;4912;10.3;4699;9.9;4486;9.4;4339;9.0;4234;8.7;4048;8.5;3926;8.3;3835;8.1;3621;8.0;3772;7.9;3865;7.9;3911;8.1;3887;8.3;3966;8.3;3995;8.4;4107;8.5;4146;8.6;4170;8.7;4239;8.7;4234;8.6;3776;7.8;3798;7.7;3888;7.7;3890;7.6;3820;7.7;3780;7.6;3782;7.4;3763;7.3;3881;7.4;3987;7.5;4029;7.4;4122;7.5;4142;7.6;4306;7.7;4526;7.7;4612;7.6;4668;7.6;4797;7.8;4972;8.0;4987;8.1;5199;8.1;5117;8.0;5087;8.0
"¬ Furniture and other manufacturing n.e.c";1104;6.1;1119;6.0;1128;6.0;1126;5.9;1110;5.7;1093;5.6;1084;5.5;1104;5.5;1118;5.5;1132;5.4;1074;5.3;1082;5.3;1049;5.2;1038;5.1;1051;5.1;1028;5.0;1012;4.9;997;4.8;1051;4.9;1053;4.8;1081;5.1;1114;5.1;1104;5.1;1114;5.1;1145;5.0;1177;5.0;1192;5.0;1211;5.0;1220;5.2;1243;5.2;1275;5.2;1272;5.1;1238;4.9;1186;4.8;1162;4.7;1159;4.6;1125;4.5;1109;4.3;1069;4.1;1054;4.0;1091;4.0;1018;3.9;1035;3.8;1026;3.8;1059;3.7;1002;3.6;999;3.6;985;3.5;1019;3.6;1050;3.5;1065;3.5;1060;3.5;1031;3.4;1030;3.4;1024;3.4;1023;3.3;1026;3.3;1016;3.3;1005;3.2;1028;3.2;1030;3.2;1023;3.2;1022;3.2;1044;3.2;1029;3.2;1060;3.1;1056;3.2;1051;3.2;1109;3.2;1095;3.2;1089;3.2;1112;3.2;1112;3.2;1128;3.2;1128;3.2;1137;3.2;1149;3.2;1136;3.2;1213;3.2;1189;3.2;1175;3.2;979;2.9;1168;3.0;1266;3.2;1248;3.2;1258;3.3;1278;3.2;1338;3.4;1369;3.4;1426;3.4;1393;3.4;1386;3.3;1451;3.3;1374;3.2;1448;3.2;1440;3.2;1455;3.1;1420;3.1;1465;3.1;1500;3.1;1510;3.1;1543;3.2;1518;3.1;1531;3.1
"¬ Repair and installation of machinery and equiment";924;4.4;917;4.3;924;4.3;924;4.3;962;4.4;987;4.4;1006;4.4;1024;4.4;1034;4.4;1064;4.4;1068;4.4;1074;4.4;1062;4.1;1046;4.1;1064;4.1;1071;4.2;1141;4.2;1170;4.2;1214;4.3;1260;4.4;1309;4.6;1371;4.7;1408;4.8;1442;5.0;1918;5.9;1974;6.1;2052;6.2;2176;6.4;2299;7.1;2368;7.3;2444;7.5;2592;7.7;2557;7.8;2671;8.1;2806;8.3;2924;8.6;2368;7.4;2416;7.5;2436;7.5;2408;7.4;2492;7.4;2589;7.4;2506;7.3;2588;7.4;2652;7.4;2651;7.5;2699;7.7;2769;7.6;2777;7.6;2908;7.9;3043;8.0;3114;8.2;3248;8.4;3301;8.4;3320;8.5;3514;8.7;3527;8.7;3502;8.7;3525;8.8;3568;8.6;3643;8.4;3628;8.3;3581;8.4;3387;8.3;3491;8.0;3396;7.8;3383;7.7;3304;7.7;3348;7.7;3402;7.7;3454;7.5;3390;7.6;3442;7.8;3478;7.9;3720;7.9;3575;8.0;3732;8.1;3923;8.2;4095;8.2;4449;8.2;3932;8.2;3728;7.7;3811;7.8;3600;8.0;3814;7.7;3814;8.0;3973;8.0;3872;8.3;4068;8.2;4170;8.1;4257;8.3;4377;8.4;4558;8.5;4583;8.6;4794;8.6;4871;8.8;4975;8.9;5072;9.0;5217;9.0;5281;9.1;5349;9.2;5567;9.3;5409;9.3;5391;9.3
"Electricity, gas and steam";1521;7.1;1549;7.0;1516;6.9;1578;6.9;1605;6.6;1598;6.6;1629;6.6;1621;6.6;1579;6.2;1598;6.2;1666;6.1;1647;6.1;1688;5.9;1699;5.9;1765;5.8;1778;5.8;1751;5.8;1794;5.8;1828;5.7;1898;5.7;1944;5.7;1954;5.7;1967;5.7;1996;5.7;2085;5.8;2149;5.8;2130;5.8;2189;5.8;2521;5.9;2570;5.9;2556;5.9;1966;6.0;2580;6.3;2593;6.4;2801;6.5;2863;6.5;2611;6.0;2589;6.0;2651;6.0;2673;5.9;2481;5.7;2545;5.8;2560;5.8;2654;5.8;2723;5.9;2722;5.9;2778;5.9;2804;6.0;2944;6.1;2968;6.1;2990;6.1;3005;6.1;3036;5.9;3051;5.9;3159;6.0;3244;6.0;3285;6.1;3373;6.1;3316;6.1;3344;6.1;3381;6.2;3625;6.2;3503;6.3;3562;6.3;3677;6.3;3552;6.3;3674;6.4;3769;6.5;3842;6.5;3768;6.5;3779;6.4;3760;6.4;3725;6.4;4007;6.5;3933;6.5;3993;6.5;4023;6.5;4040;6.5;4184;6.6;4260;6.6;4369;6.7;4166;6.6;4180;6.7;4095;6.8;4674;6.6;4459;7.0;4672;6.9;4575;7.0;4703;6.9;5132;6.9;4955;6.9;5161;7.1;5559;7.2;5603;7.2;6174;7.3;6180;7.3;6105;7.4;5960;7.4;5962;7.5;6243;7.6;6204;7.7;6364;7.7;6262;7.7;6086;7.6
"Water supply, sewerage, waste";662;3.4;669;3.5;679;3.5;690;3.6;671;3.3;676;3.3;680;3.4;733;3.4;700;3.4;728;3.4;753;3.5;776;3.5;760;3.5;796;3.6;809;3.6;823;3.7;963;4.3;980;4.3;1031;4.4;1055;4.5;1094;4.6;1109;4.7;1128;4.8;1157;4.8;1173;4.9;1201;4.9;1248;5.0;1267;5.0;1384;5.5;1415;5.6;1484;5.6;1471;5.7;1559;5.8;1620;5.9;1673;6.0;1724;6.1;1513;5.5;1545;5.6;1596;5.6;1641;5.8;1621;5.7;1658;5.6;1704;5.7;1743;5.7;1792;5.7;1826;5.8;1768;5.6;1815;5.7;1851;5.6;1889;5.7;1915;5.7;1934;5.6;1972;5.6;2036;5.7;2050;5.8;2106;5.9;2087;5.8;2143;5.9;2192;6.0;2261;6.1;2283;6.1;2254;6.1;2325;6.2;2332;6.1;2403;6.1;2449;6.2;2490;6.4;2506;6.4;2553;6.5;2577;6.5;2595;6.5;2676;6.5;2723;6.6;2740;6.7;2776;6.8;2843;6.9;2860;6.9;2920;6.9;2971;7.0;3025;7.1;3127;7.2;3080;7.0;3114;7.1;3162;7.2;3271;7.1;3263;7.3;3304;7.2;3308;7.4;3489;7.3;3619;7.4;3623;7.4;3672;7.5;3786;7.6;3776;7.6;3949;7.6;4097;7.8;4175;7.8;4183;7.8;4281;7.8;4371;7.8;4443;7.9;4568;8.0;4602;8.1;4675;8.2
"Construction";9166;54.0;9483;54.5;9723;54.8;9869;54.9;9989;54.5;10319;54.8;10329;55.1;10625;55.4;10694;55.1;10787;55.4;11139;55.7;11262;56.2;11695;57.9;11729;58.3;11925;58.9;12080;59.5;11938;59.2;12357;59.6;12494;60.4;12862;61.3;13080;62.0;13401;62.6;13649;63.4;13928;64.5;14402;67.4;14951;67.9;15607;68.9;16162;70.0;16698;73.5;17397;73.8;18229;74.8;18736;75.8;20055;78.8;20774;80.9;19487;78.8;19238;76.4;19561;74.3;19392;74.1;19559;74.6;20020;74.9;19693;72.3;19563;72.6;19807;73.3;20394;73.3;20825;73.6;21280;74.9;21811;76.3;22299;77.4;22971;78.6;23505;79.5;24072;80.3;24741;80.8;25172;80.2;25925;81.1;25375;82.2;25809;83.0;26286;82.9;26896;83.2;26942;83.9;27614;85.0;28101;84.1;27296;85.5;28997;86.8;29151;86.9;29281;87.2;29644;87.5;30382;88.2;30611;89.1;31701;90.4;31997;90.9;32431;91.3;33021;91.9;33627;91.8;34257;94.6;34853;94.5;35639;95.6;36029;96.2;36676;96.6;37305;97.2;38113;98.3;38038;96.8;37008;95.0;37069;94.8;38827;94.6;39275;95.7;38776;95.5;40207;96.7;40769;98.2;41631;99.1;43725;99.9;43947;100.6;44393;101.3;47013;101.1;45117;100.3;45783;99.9;46421;98.9;47193;98.4;47426;97.0;47710;96.8;48220;96.8;48158;96.8;49135;96.3;48807;95.4;48705;94.7
"Wholesale and retail trade, repair of motor vehicles";20887;111.3;21186;111.4;21313;111.5;21463;111.5;21833;108.8;21858;108.9;21822;108.7;22505;109.2;22446;107.7;22799;107.0;22817;106.7;22982;106.8;23098;107.2;23259;106.7;23558;106.9;23642;106.5;24222;110.1;24545;109.9;25039;110.2;25324;110.2;25453;110.2;25953;110.4;26214;110.7;26297;110.7;26293;108.9;26909;109.3;28302;110.0;28337;109.6;28022;111.8;29141;112.1;31045;113.1;31620;112.7;32489;117.8;32760;118.8;32481;117.2;33251;116.7;33127;115.5;32666;114.4;32785;113.3;33489;113.7;33245;113.4;33473;113.8;33823;114.3;34307;113.9;34238;113.2;33734;112.1;35508;114.1;35103;113.9;36163;117.1;36112;114.3;36805;114.1;36699;113.3;37825;113.0;38019;114.5;38216;114.6;37832;114.1;38172;113.4;38721;114.0;38740;114.6;39839;115.6;39968;115.8;39471;116.1;40300;115.5;41129;114.6;40858;115.3;41138;114.7;41910;115.5;40970;116.1;42297;116.5;42603;115.9;42800;115.2;43012;115.6;43345;114.3;43930;116.5;44029;115.2;44387;114.8;44798;113.5;45092;114.0;45516;114.7;45996;114.1;46035;113.2;42359;107.7;45236;108.4;47679;110.4;48185;110.5;47923;110.8;48890;112.9;49972;114.5;51034;113.6;51912;114.4;51675;114.5;52404;113.7;53747;113.9;53630;113.7;54840;113.1;55497;112.6;55800;112.9;56526;112.2;57310;112.1;57798;112.6;58312;112.2;58940;112.1;58937;111.8;59209;111.4
"Transport via pipelines";98;0.3;128;0.3;112;0.3;130;0.3;92;0.2;107;0.2;92;0.2;110;0.2;91;0.2;107;0.2;132;0.2;106;0.2;78;0.1;91;0.2;105;0.2;89;0.2;101;0.1;77;0.1;72;0.1;76;0.1;92;0.1;77;0.1;72;0.1;73;0.1;61;0.1;56;0.1;55;0.1;53;0.1;62;0.1;56;0.1;55;0.1;61;0.1;58;0.1;56;0.1;56;0.1;57;0.1;64;0.1;63;0.1;62;0.1;63;0.1;64;0.1;65;0.1;65;0.1;66;0.1;60;0.1;61;0.1;61;0.1;60;0.1;71;0.1;72;0.1;74;0.1;80;0.1;98;0.1;99;0.1;95;0.1;91;0.1;96;0.1;102;0.1;101;0.1;99;0.1;110;0.1;95;0.1;100;0.1;93;0.1;100;0.1;99;0.1;102;0.1;94;0.1;98;0.1;89;0.1;99;0.1;103;0.1;112;0.1;113;0.1;106;0.1;116;0.1;107;0.1;119;0.1;117;0.1;124;0.1;100;0.1;105;0.1;145;0.1;103;0.1;126;0.1;98;0.1;116;0.1;102;0.1;117;0.1;126;0.1;120;0.1;137;0.1;135;0.1;138;0.1;160;0.1;159;0.1;171;0.1;164;0.1;152;0.1;188;0.1;156;0.1;176;0.1;180;0.1;167;0.1
"Ocean transport";2919;21.6;2972;21.6;2971;21.3;2966;20.9;2946;19.4;2882;18.8;2915;18.3;2841;17.8;2751;17.6;2701;17.2;2697;16.7;2613;16.3;2572;15.0;2534;14.6;2501;14.2;2424;13.7;2209;12.6;2157;12.2;2099;11.9;2067;11.6;2026;11.1;1983;10.8;1902;10.6;1858;10.3;1878;9.6;1830;9.4;1749;9.1;1693;8.9;1882;8.9;1814;8.7;1735;8.5;1700;8.3;1600;7.7;1542;7.5;1488;7.3;1402;7.0;1214;6.2;1231;6.2;1354;6.5;1608;7.0;1936;7.1;2176;7.6;2318;8.1;2254;8.1;2059;7.9;2008;7.6;2263;7.7;2717;7.3;1985;7.8;2403;7.8;2716;7.8;3148;7.9;2967;8.1;2832;7.7;2598;7.7;2264;6.4;1853;5.5;1555;4.8;1401;4.4;1424;4.2;1539;4.5;1614;4.5;1633;4.4;1664;4.4;1564;4.1;1574;3.9;1546;3.8;1597;3.7;1588;3.6;1527;3.5;1560;3.4;1577;3.4;1632;3.3;1560;3.2;1563;3.1;1606;3.0;1648;2.9;1672;2.8;1665;2.8;1648;2.6;1659;2.6;1289;2.3;1486;2.2;1571;2.1;1495;2.1;1402;1.9;1562;2.0;1423;1.8;1384;1.9;1376;1.9;1379;1.9;1526;2.0;1531;2.0;1573;2.0;1468;1.9;1284;1.8;1457;1.9;1529;1.8;1549;1.9;1560;1.9;1599;1.9;1507;1.9;1573;1.9;1596;1.9
"Transport activities excl. ocean transport";7664;44.7;7921;44.6;7954;44.5;7859;44.5;7946;43.1;8058;42.9;8046;42.8;8136;42.8;8446;43.5;8426;43.5;8562;43.3;8848;43.3;8629;41.8;8582;41.7;8755;41.6;8870;41.6;9250;43.2;9372;43.0;9462;43.0;9406;43.1;9777;43.1;9862;43.1;9831;43.1;9902;43.2;10317;42.8;10539;42.7;10743;42.8;10862;42.9;11051;43.6;11347;43.4;11672;43.3;11815;43.3;12360;43.5;12559;44.1;12670;44.1;12952;44.1;12806;42.9;12880;43.0;13022;43.2;13169;43.2;13073;44.0;13194;44.1;13551;44.1;13658;44.3;14043;44.0;14026;44.4;14312;44.7;13946;44.4;15528;44.3;14725;44.4;14001;44.6;13923;44.1;15056;44.3;15460;44.4;15392;44.5;15355;45.0;15864;44.8;15654;44.6;15880;44.9;16043;45.2;16215;45.2;16382;45.3;16416;44.8;16757;44.7;16679;44.8;16494;44.6;16529;45.1;16566;44.7;16319;44.4;16454;44.3;16674;44.0;16349;44.2;17033;44.2;17487;45.1;17587;45.0;17402;45.2;17571;45.4;17835;45.4;18505;45.8;19440;45.7;18684;45.6;16707;41.3;17022;41.5;17540;42.2;17579;41.1;17662;41.5;18358;42.6;19047;44.2;19555;44.4;20031;44.2;20225;44.3;20615;44.4;21455;44.9;21646;45.3;22405;45.1;22379;45.5;22811;45.5;23363;45.9;23752;46.3;24321;46.8;24392;46.9;24784;46.9;24722;47.1;24734;47.2
"Postal and courier activities";1939;10.7;1969;10.6;2001;10.5;2008;10.4;1994;9.9;1972;9.8;1956;9.7;1921;9.5;1859;8.9;1834;8.8;1855;8.6;1847;8.6;1805;8.4;1783;8.3;1747;8.2;1698;8.2;1720;8.0;1728;8.0;1691;7.9;1710;7.9;1743;8.1;1761;8.1;1766;8.0;1801;8.1;1750;7.5;1790;7.5;1777;7.5;1836;7.6;1864;7.8;1881;7.8;1897;7.8;2042;8.0;2078;8.3;2051;8.2;1994;7.9;1863;7.5;1917;7.2;1902;7.2;1944;7.3;1858;7.0;1769;7.0;1795;7.0;1867;7.2;1827;7.0;1872;6.9;1833;6.8;1849;6.8;1934;7.0;1972;7.1;1998;7.0;1951;7.0;1969;6.9;1967;6.6;2001;6.7;2022;6.8;2000;6.6;2014;6.6;2026;6.5;2079;6.8;2088;6.6;2079;6.6;2071;6.6;2107;6.5;2038;6.5;2080;6.5;2102;6.4;2040;6.5;2086;6.4;1960;6.5;2131;6.5;2037;6.4;2030;6.4;2023;6.4;2073;6.4;2098;6.4;2086;6.3;2086;6.2;1976;6.2;2037;6.2;2046;6.1;2167;6.1;2074;5.9;1993;5.4;2085;5.6;2134;5.5;2156;6.0;2111;5.7;2091;5.9;2188;5.8;2217;5.7;2146;5.7;2300;5.7;2295;5.8;2308;5.9;2335;5.9;2350;5.8;2326;5.6;2270;5.4;2340;5.3;2251;5.2;2291;5.1;2299;5.1;2267;5.2;2308;5.3
"Accommodation and food service activities";3749;24.2;3785;24.1;3794;24.1;3813;24.1;3833;23.4;3845;23.3;3780;23.5;3813;23.3;3892;23.0;3913;22.9;3987;23.0;4024;22.9;3970;22.0;3925;21.9;4008;21.9;3980;22.1;3925;22.1;3942;22.2;3996;22.2;4006;22.3;3999;22.3;4097;22.4;4067;22.4;4098;22.5;4205;23.0;4267;23.0;4345;23.1;4384;23.1;4529;24.5;4658;24.6;4821;24.6;4846;24.7;4965;24.9;5038;25.3;5006;25.6;5104;25.6;5007;24.6;4906;24.5;5120;24.4;5223;24.4;5258;24.8;5245;24.7;5299;24.8;5422;24.8;5494;25.3;5594;25.6;5639;25.7;5841;25.9;5784;25.6;5891;25.9;5920;25.9;5966;25.8;6209;25.9;6165;26.0;6310;26.7;6494;27.0;6597;27.1;6699;27.4;6755;27.5;6753;27.8;6902;28.1;6973;28.6;7027;27.8;7414;28.6;7403;28.7;7245;28.6;7394;29.1;7507;29.7;7603;29.8;7705;29.8;7802;30.0;7947;30.1;8085;29.8;8236;31.1;8314;30.5;8480;30.0;8635;30.4;8839;30.2;9027;30.7;9139;31.1;9205;29.8;5091;22.6;7232;23.6;7175;24.4;6452;22.2;5777;21.1;8699;28.3;9683;30.6;9144;30.4;10036;32.0;10570;32.9;10933;33.1;10914;33.1;11031;32.8;11194;32.6;11359;32.3;11680;32.6;11800;32.6;11944;32.6;12230;33.1;12519;33.3;12814;33.5;12980;33.5;12993;33.5
"Information and communcation";8168;31.8;8462;32.2;8669;32.5;8885;32.8;9277;34.4;9411;34.6;9622;34.8;9695;35.1;9385;33.5;9520;33.7;9684;33.8;9764;34.0;9019;30.9;9107;31.0;9169;31.0;9180;31.1;9137;31.5;9359;31.7;9499;31.7;9697;32.0;9770;32.4;9985;32.6;10056;32.6;10241;32.9;10373;32.9;10719;33.0;10874;33.1;11132;33.3;11543;33.8;11917;33.9;12084;34.0;12533;34.1;12670;33.8;12789;34.4;13437;34.6;13687;34.9;13147;33.7;13420;33.7;13560;33.6;13641;33.6;13441;34.0;13420;33.9;13902;34.2;14097;34.6;14439;34.3;14628;34.6;14548;34.0;15061;35.1;15288;34.8;15938;35.1;15501;34.8;15684;34.5;15943;34.2;16090;34.7;16486;35.0;16628;35.2;17039;35.7;16995;35.6;17162;35.9;17422;35.9;17791;36.3;17694;36.2;18003;36.4;18248;36.3;17911;36.3;18430;35.8;18221;36.3;18380;36.3;18664;36.5;18871;36.8;19235;36.7;19433;36.8;19755;37.1;20175;38.4;20201;38.1;20433;38.6;21048;39.1;21347;39.7;21972;40.2;22556;40.9;21847;39.6;21510;38.5;21695;39.0;22989;40.1;23271;41.0;24025;41.4;24719;42.4;25372;43.2;26009;44.2;27000;44.6;27702;45.1;28312;45.7;29359;46.1;29430;46.1;29918;45.8;30991;46.2;31107;46.2;31619;46.0;31763;45.5;32078;45.8;32337;45.6;32862;45.8;32848;45.7;32733;45.7
"Financial and insurance activities";5119;19.4;5206;19.4;5223;19.4;5258;19.3;5466;19.3;5438;19.2;5647;19.1;5756;19.2;5727;19.2;5765;19.1;5904;19.1;5984;19.0;5992;18.6;6007;18.5;5993;18.6;6046;18.6;6424;19.2;6434;19.2;6388;19.2;6506;19.3;6603;18.5;6727;18.6;6927;18.6;7061;18.7;7058;18.7;7263;18.7;7482;18.8;7674;18.9;8146;19.1;8176;19.2;8407;19.3;8462;19.3;8851;19.7;9159;19.8;9224;19.9;9527;20.0;9477;20.4;9632;20.6;9690;20.7;9743;20.5;9515;20.0;9525;20.1;9917;20.1;9975;20.1;10063;19.8;9723;19.3;9914;19.4;10056;19.6;10237;19.8;10577;20.1;10191;20.0;10532;19.7;10592;19.2;10661;19.3;10709;19.4;10719;19.3;11009;19.1;11179;19.3;11094;19.3;11332;19.2;11843;19.1;11125;19.0;11112;18.9;11474;18.9;11521;19.0;11523;18.7;11560;18.8;12085;18.8;11365;18.9;11762;18.9;11711;18.7;11895;18.6;11976;18.5;12058;19.0;12063;18.7;12280;18.7;12381;18.7;12372;18.7;12613;18.8;12513;18.9;12755;19.1;13052;19.1;12926;19.3;13196;19.4;13676;19.2;14145;19.9;13846;19.7;14129;19.9;14742;19.7;14991;19.6;14995;19.7;14894;20.0;15959;20.4;15555;20.6;16166;20.7;16716;20.8;16569;20.8;17444;21.0;17412;21.2;17866;21.4;18052;21.4;18136;21.3;18103;21.2;18027;21.1
"Real estate activities";1234;5.8;1287;6.0;1332;6.1;1385;6.2;1376;5.8;1413;6.0;1448;6.1;1477;6.2;1481;6.2;1488;6.4;1520;6.4;1539;6.5;1528;6.1;1541;6.3;1561;6.3;1575;6.4;1609;6.6;1673;6.7;1701;6.8;1748;6.9;1800;6.8;1818;6.9;1860;7.0;1899;7.1;1969;7.4;2048;7.5;2114;7.6;2178;7.7;2373;8.5;2478;8.6;2556;8.8;2638;8.8;2750;9.3;2829;9.6;2881;9.8;3025;10.1;2782;8.9;2802;9.1;2868;9.2;2984;9.5;2862;9.3;2883;9.4;2986;9.4;3077;9.5;3151;9.6;3204;9.7;3296;9.7;3247;9.7;3660;10.0;3528;10.1;3614;10.2;3692;10.2;3612;9.7;3732;9.8;3807;9.9;3777;10.0;3888;9.8;3894;9.9;3862;9.9;3989;10.1;4339;10.3;3708;10.2;4252;10.2;4319;10.2;4287;10.3;4303;10.3;4336;10.4;4401;10.5;4497;10.5;4616;10.5;4583;10.5;4541;10.7;4744;10.7;4847;10.8;4774;10.8;4770;10.7;4816;10.8;4734;10.7;4922;10.8;5082;10.8;5339;11.1;4850;10.5;5346;10.8;5326;10.8;5608;10.4;5623;11.0;5770;11.0;5772;11.4;6118;11.3;6329;11.2;6098;11.3;6166;11.3;6388;11.3;6359;11.3;6527;11.2;6454;11.2;6634;11.3;6742;11.2;6819;11.2;6924;11.2;7081;11.2;7285;11.3;7181;11.3;7289;11.4
"Imputed rents of owner-occupied dwellings";0;0.0;0;0.0;0;0.0;0;0.0;0;0.0;0;0.0;0;0.0;0;0.0;0;0.0;0;0.0;0;0.0;0;0.0;0;0.0;0;0.0;0;0.0;0;0.0;0;0.0;0;0.0;0;0.0;0;0.0;0;0.0;0;0.0;0;0.0;0;0.0;0;0.0;0;0.0;0;0.0;0;0.0;0;0.0;0;0.0;0;0.0;0;0.0;0;0.0;0;0.0;0;0.0;0;0.0;0;0.0;0;0.0;0;0.0;0;0.0;0;0.0;0;0.0;0;0.0;0;0.0;0;0.0;0;0.0;0;0.0;0;0.0;0;0.0;0;0.0;0;0.0;0;0.0;0;0.0;0;0.0;0;0.0;0;0.0;0;0.0;0;0.0;0;0.0;0;0.0;0;0.0;0;0.0;0;0.0;0;0.0;0;0.0;0;0.0;0;0.0;0;0.0;0;0.0;0;0.0;0;0.0;0;0.0;0;0.0;0;0.0;0;0.0;0;0.0;0;0.0;0;0.0;0;0.0;0;0.0;0;0.0;0;0.0;0;0.0;0;0.0;0;0.0;0;0.0;0;0.0;0;0.0;0;0.0;0;0.0;0;0.0;0;0.0;0;0.0;0;0.0;0;0.0;0;0.0;0;0.0;0;0.0;0;0.0;0;0.0;0;0.0;0;0.0;0;0.0;0;0.0
"Professional, scientific and and technical activities";7517;33.5;7765;33.6;7972;33.7;8223;33.8;8172;33.6;8285;33.8;8428;33.9;8534;34.0;8716;34.6;8784;34.7;8872;34.8;8930;34.9;8818;33.9;8812;33.9;8887;34.1;8889;34.2;9029;34.6;9307;34.7;9414;34.8;9610;35.0;9889;36.3;10019;36.5;10124;36.7;10298;36.8;11310;40.5;11658;40.7;12010;41.0;12286;41.1;13088;44.7;13571;45.0;14014;45.4;14281;45.5;14529;46.7;15081;47.9;15776;49.3;16309;50.7;15966;47.9;15973;47.9;16013;47.6;16264;48.2;16291;48.3;16379;48.5;16592;48.5;17067;48.7;16913;48.4;17137;48.6;17746;49.1;18365;49.5;18816;49.6;19136;50.2;19121;49.7;19595;50.2;20240;49.8;20669;50.5;20813;50.6;20995;51.5;21212;51.2;21303;51.0;22039;51.4;22102;51.9;22209;52.1;22252;52.0;22369;51.8;22703;51.6;22279;51.0;22334;50.3;22019;50.5;22042;50.4;22369;50.8;22455;51.0;22956;51.3;23263;51.3;23937;51.8;24231;53.2;24623;53.6;25218;54.2;25652;54.6;26147;54.8;26690;55.3;27122;56.0;27051;55.5;26089;53.3;26083;53.4;27261;54.2;27539;54.8;28448;54.9;29121;55.9;30349;57.2;30351;57.2;31494;58.8;32626;59.7;34121;60.2;34301;60.6;34865;61.1;35824;61.5;36731;61.5;36869;61.4;37578;61.1;38185;61.1;38978;61.9;39647;62.1;39903;62.0;39809;61.9;39907;62.2
"Administrative and support service activities";4609;25.4;4811;25.9;4957;26.3;5095;26.6;4944;25.0;5025;25.2;5121;25.4;5214;25.6;5150;24.8;5127;24.7;5212;25.0;5305;25.2;5334;24.4;5343;24.4;5383;24.7;5430;25.0;5505;25.4;5678;25.6;5728;26.0;5811;26.5;6334;28.2;6368;28.5;6435;29.1;6526;29.5;7628;33.9;7908;34.2;8073;35.1;8260;35.4;8702;37.4;9064;37.8;9283;38.7;9481;38.7;9696;39.3;10412;41.2;10169;40.9;10392;41.0;10047;38.2;9616;36.6;9486;36.2;9731;36.7;9752;36.8;9568;36.7;10193;37.6;10138;37.5;11384;39.7;11316;40.5;11519;40.8;11737;41.6;12244;41.9;12436;42.2;11927;42.0;12686;43.2;12729;40.8;12891;42.3;12993;43.0;13017;42.5;13015;42.0;13418;42.5;13355;42.6;13616;42.8;13437;41.9;13097;41.5;13051;41.0;13231;40.3;13070;40.8;13100;40.3;13330;41.0;13513;41.0;13747;41.6;13888;41.9;14312;42.6;14533;43.4;15044;44.1;15222;45.3;15490;45.6;16070;46.3;16362;46.3;16634;46.3;16797;46.4;17236;46.6;17285;45.2;14480;40.0;14614;38.9;15408;40.9;15768;40.6;15638;39.9;16686;42.0;17911;44.3;18657;44.8;19928;47.1;20017;47.8;20256;47.8;20428;46.7;20030;45.1;19842;43.4;20427;43.4;20697;43.6;20834;43.1;21054;43.3;20930;42.9;21198;43.1;21694;43.4;21984;43.5;21913;43.3
"Public administration and defence";14147;71.0;14112;70.7;14131;70.2;14405;70.0;14930;68.8;14967;68.6;14890;68.1;15468;67.9;15087;65.4;14979;65.1;15809;64.7;15734;64.5;15680;64.2;15767;64.0;15833;63.7;15663;63.6;15762;64.3;16212;64.1;16633;63.9;17205;63.9;16675;62.2;16848;62.1;16862;62.1;17021;62.1;17988;62.3;17898;62.2;18096;62.3;18381;62.4;19500;63.6;19179;63.5;19348;63.9;19836;63.9;20218;64.7;21051;65.2;21622;65.1;21997;65.7;22125;65.1;22661;66.3;23167;67.6;23530;68.1;23979;69.4;24286;68.2;24296;65.5;24442;66.2;24707;67.9;25265;68.2;25924;69.7;26626;70.5;26829;69.9;26908;69.6;27324;69.1;27561;68.7;27766;67.5;28379;69.0;28534;69.1;28756;69.3;29183;69.0;29866;70.2;30394;70.4;30843;71.1;30715;71.6;32183;71.6;31979;72.5;30858;72.3;32107;72.3;32283;72.3;32656;73.3;33346;73.3;33440;72.9;33870;73.7;34260;73.7;34502;74.0;34910;73.1;35334;74.7;35492;74.6;36667;74.7;36569;74.6;36891;74.6;37162;74.6;37442;75.1;38200;76.2;38109;75.9;39140;76.5;38165;77.2;39544;77.3;39979;78.1;40505;78.6;41689;79.0;41829;78.1;42735;78.3;42863;78.5;43510;78.8;44431;79.2;44953;79.5;46880;79.7;48960;80.6;47913;80.3;48982;81.0;49500;81.0;49762;81.2;50937;82.0;52710;82.6;52517;83.7;53861;84.3
"Education";12676;59.9;12691;60.2;13171;60.4;12981;60.6;13958;60.8;13938;61.1;14203;61.1;14355;61.2;14302;61.3;14463;61.5;15424;61.6;15194;61.7;15891;60.8;16117;61.0;16245;61.1;15751;61.2;15855;61.1;16340;61.3;16386;61.4;17233;61.5;17137;61.0;17155;61.2;16304;61.4;17996;61.6;18118;61.6;18188;61.8;17279;62.1;18415;62.3;19024;63.4;18877;63.5;18242;63.9;19392;63.9;19601;64.2;20200;64.9;20739;65.1;21142;65.8;21222;65.3;21757;66.0;22263;67.0;22822;68.3;22834;68.0;22788;68.0;23275;67.7;23510;68.3;23831;68.8;23997;69.5;24428;70.0;24458;68.9;24751;69.5;25016;69.0;25547;69.6;26076;70.4;26374;69.7;26684;70.9;27004;71.2;27201;71.7;27319;70.9;27520;71.5;27760;71.5;28417;72.5;28847;71.4;28651;71.9;29483;72.7;29353;73.0;29839;72.7;30330;71.9;30817;75.1;31054;73.3;31322;74.9;31660;75.4;31714;74.7;32257;75.4;32572;74.4;32894;78.5;33018;78.0;33535;77.8;33903;78.3;34436;77.0;35047;77.7;35346;79.1;35215;77.5;34235;76.0;34951;77.7;35251;77.7;35664;76.9;35818;78.5;35997;78.8;38067;78.8;37708;79.2;38227;78.0;38056;78.8;38994;79.3;39455;79.8;40068;79.8;41283;80.3;42276;80.9;42422;80.2;42907;80.6;43579;80.3;43800;80.1;44468;80.6;44869;80.2;44836;79.7;45459;79.5
"Health and social work";21908;118.0;22173;119.6;22435;118.3;22960;118.1;23858;119.7;24129;121.8;24324;119.8;25902;119.4;25583;119.5;26820;122.8;27664;129.4;27857;126.6;28779;119.5;28354;123.2;29074;128.1;28804;126.5;29816;127.9;30492;131.2;30928;134.5;32088;134.1;32302;134.2;33221;136.8;32966;138.5;34104;139.0;34781;140.4;35031;141.9;36410;143.5;36941;144.5;38084;147.9;38846;149.3;40326;151.0;40862;151.9;42220;154.3;43719;157.9;43929;156.2;44843;157.9;45114;158.6;46182;160.0;47163;161.3;48608;163.2;48450;163.0;48602;162.9;49535;163.3;50521;164.8;51398;166.7;52542;168.2;53829;169.3;54531;169.7;55571;167.9;56186;170.1;56682;171.9;57833;172.9;58495;167.8;59933;172.4;60911;175.0;61648;174.4;62038;174.3;62861;175.2;63552;174.8;64148;177.8;65794;178.1;64790;178.8;67052;179.0;66816;176.9;67302;181.6;68607;180.5;68776;182.4;70108;182.1;70734;184.8;71719;183.9;72675;184.4;72921;185.0;74234;185.2;75296;187.2;75214;186.6;76567;187.5;77236;187.3;78296;188.2;80272;189.3;81262;191.3;80819;185.9;81976;181.0;80826;187.0;81970;188.5;84703;191.0;85901;192.5;85393;193.8;88993;194.4;91228;193.9;91897;197.2;92366;196.8;92185;196.2;93695;196.5;96272;196.8;97760;196.4;102983;197.7;102203;200.0;103953;198.3;105031;199.3;106927;200.3;107722;200.8;109665;201.3;110588;203.2;110063;203.4
"Arts, entertainment and other service activities";4325;26.9;4347;27.0;4369;26.9;4418;26.9;4403;25.5;4400;25.5;4413;25.5;4477;25.5;4526;25.7;4710;25.8;4789;25.7;4820;25.8;4645;24.4;4720;24.5;4825;24.5;4880;24.6;4723;24.6;4834;24.7;4994;24.8;5095;24.9;5142;25.3;5268;25.5;5235;25.6;5290;25.7;5357;25.7;5515;25.8;5495;26.0;5590;26.2;6205;28.3;6355;28.3;6353;28.5;6527;28.6;6787;30.2;6864;29.7;7134;30.6;7229;30.5;7217;30.4;7485;31.2;7608;31.8;7776;32.0;7687;31.4;7704;31.3;7828;31.6;7965;31.7;8078;31.8;8213;31.8;8280;31.9;8435;32.2;8245;31.9;8527;32.0;8765;32.3;8919;32.7;8810;32.7;8974;32.6;8920;32.7;9040;30.9;9121;32.7;9249;32.3;9404;33.1;9336;33.1;9575;32.6;9410;33.4;9611;33.1;9477;33.1;9480;33.0;9403;33.5;9540;34.1;9530;34.4;9798;34.7;9890;34.9;9959;35.5;9979;35.8;10198;36.3;10312;37.0;10322;36.7;10512;36.5;10602;36.6;10766;36.7;10965;37.1;11222;37.7;11222;36.7;9299;32.5;10555;33.9;11084;35.0;11034;34.1;10927;35.0;11799;37.3;12275;38.2;12346;37.6;12830;38.5;13006;38.9;13168;39.0;13635;39.0;13535;38.8;14208;38.9;14045;39.1;14319;38.7;14498;38.4;14729;38.8;15037;39.0;15231;39.0;15549;39.1;15633;39.3;15700;39.1
"¬ General government";45403;221.8;45544;223.4;46230;221.7;46754;221.4;48964;221.4;49256;223.4;49547;221.0;51806;220.3;50974;217.7;52154;220.9;54629;227.0;54433;223.9;55941;216.0;55750;219.5;56596;223.8;55447;221.8;56441;221.2;57726;224.0;58430;226.6;60904;225.7;60452;223.7;61491;225.9;60261;227.1;63066;227.2;64565;228.0;64470;229.0;65010;230.3;66765;230.6;69636;236.1;69500;236.8;70242;238.4;72161;238.6;73676;240.9;76325;244.5;78326;246.0;79580;247.5;79698;245.5;81556;247.9;83348;250.6;85102;252.7;85976;255.6;86241;254.3;87378;251.3;88667;254.4;89660;256.6;91393;258.7;93505;261.6;95194;262.5;96438;262.3;96944;261.3;98494;262.8;100199;263.6;101206;257.8;103460;264.5;104728;267.5;105700;267.5;106628;266.3;108115;268.4;109345;267.6;110688;271.0;112516;271.2;112820;272.2;115038;273.7;113456;271.4;115456;274.8;117319;273.5;118174;279.1;120245;277.2;121122;280.5;122770;281.5;124083;281.1;125136;283.1;126906;281.8;128583;288.4;128634;287.3;131391;288.2;132181;288.3;133726;287.4;136337;289.2;137591;292.4;138015;289.0;138647;284.8;138534;291.4;138754;293.2;142862;293.4;144609;295.4;144143;297.9;149759;298.5;152241;297.4;154280;299.5;154105;299.9;155342;299.9;157801;300.6;161505;301.3;165164;301.2;173023;304.4;171659;305.1;174506;304.8;176705;305.1;178751;305.1;180782;306.9;184596;307.6;185288;310.2;186728;311.0
"¬¬ Central government";12920;62.8;12902;62.9;13005;63.2;13353;62.7;13629;61.1;13651;61.1;13752;61.4;13952;60.9;22100;88.3;22679;90.7;23679;97.0;23517;93.5;24188;88.2;24069;90.9;24462;95.4;23889;92.8;24746;91.3;25273;93.4;25797;95.9;26757;94.5;26360;92.2;27238;93.7;27095;94.5;27851;94.0;28889;94.0;28661;94.3;29112;94.8;29566;94.9;31057;96.5;30538;96.6;31175;97.0;31456;97.2;31946;96.8;33201;98.3;34157;98.7;34714;99.7;34662;98.2;35227;99.1;35892;99.7;36353;99.1;36857;100.7;37478;100.2;38103;100.5;38609;100.4;38809;101.4;39412;101.7;39998;102.0;40757;103.4;41285;103.6;41526;102.5;42293;102.9;42957;103.1;43464;101.4;44234;103.7;44593;105.1;44943;103.2;45760;104.8;46784;106.2;47552;106.9;48243;107.6;49475;108.8;49028;108.6;50027;109.2;50556;109.3;50321;109.1;50883;109.3;51024;110.4;52086;110.5;52368;110.4;53325;111.6;53967;111.6;53656;111.7;54491;111.3;55400;112.7;55702;112.8;57461;112.7;57439;112.9;57940;113.0;58484;113.6;58951;114.3;59784;115.9;60046;115.0;60833;115.8;60120;117.2;62446;117.3;63362;118.8;63243;119.3;66064;120.3;66235;119.8;67431;119.9;67858;120.3;69087;120.9;70166;121.0;70821;121.5;72247;121.2;76793;122.4;75169;122.6;76489;123.0;77145;123.3;77976;123.8;78922;124.3;81768;124.8;81883;126.4;82568;126.9
"¬¬¬ Civilian central government";10063;45.4;10027;45.6;10163;46.2;10435;46.0;10793;45.4;10805;45.6;10942;46.2;11112;45.9;19127;73.3;19769;75.9;20640;82.5;20527;79.1;21268;74.6;21113;77.5;21530;82.2;20982;79.8;21779;77.8;22262;80.1;22739;82.8;23610;81.5;23374;79.9;24249;81.6;24132;82.4;24874;82.1;25756;82.2;25553;82.7;26008;83.2;26384;83.3;27868;84.9;27355;85.0;28018;85.5;28225;85.8;28745;85.2;29880;86.7;30742;87.3;31258;88.2;31208;86.6;31731;87.4;32354;87.9;32744;87.2;33242;89.0;33877;88.6;34502;89.4;35023;89.0;35189;89.9;35686;90.0;36212;90.3;36866;91.5;37402;91.7;37658;91.0;38379;91.4;39027;91.7;39525;90.2;40294;92.6;40638;94.0;41019;92.3;41647;93.7;42534;94.8;43199;95.4;43822;96.0;45155;97.2;44675;96.9;45689;97.5;46377;97.7;45945;97.5;46502;97.7;46613;98.8;47691;99.0;47959;98.8;48836;99.9;49496;100.0;49152;100.2;49952;99.8;50776;101.0;51105;101.2;52243;100.9;52653;101.1;53096;101.3;53567;101.8;53999;102.5;54693;103.8;54889;103.1;55830;103.8;55173;105.1;56780;105.0;57987;106.2;57631;106.8;60285;107.7;60422;107.2;61340;107.4;61869;107.9;62908;108.3;63760;108.3;64367;108.9;65442;108.4;69727;109.4;67986;109.5;69187;109.7;69782;109.9;70622;110.1;71291;110.5;73423;110.8;73807;112.2;74043;112.5
"¬¬¬ Defence";2857;17.5;2875;17.2;2842;17.0;2918;16.7;2836;15.7;2846;15.5;2810;15.2;2839;15.0;2973;15.0;2910;14.8;3039;14.6;2990;14.4;2920;13.6;2956;13.4;2932;13.2;2907;13.0;2967;13.5;3011;13.3;3058;13.1;3147;13.0;2986;12.3;2989;12.1;2963;12.0;2977;11.9;3133;11.7;3108;11.6;3104;11.6;3182;11.5;3189;11.6;3183;11.5;3157;11.5;3231;11.5;3201;11.6;3321;11.6;3415;11.5;3455;11.5;3453;11.6;3496;11.7;3538;11.8;3608;11.9;3615;11.8;3601;11.6;3601;11.1;3587;11.5;3620;11.5;3726;11.7;3786;11.8;3892;11.9;3883;11.9;3868;11.5;3914;11.6;3930;11.4;3940;11.2;3940;11.2;3956;11.2;3924;11.0;4113;11.2;4250;11.3;4353;11.5;4421;11.6;4320;11.6;4353;11.7;4337;11.7;4179;11.6;4376;11.6;4382;11.5;4410;11.6;4394;11.5;4409;11.7;4489;11.7;4471;11.6;4504;11.5;4538;11.4;4625;11.7;4597;11.6;5218;11.8;4787;11.8;4843;11.7;4917;11.8;4952;11.8;5091;12.0;5156;11.9;5003;12.0;4947;12.1;5666;12.3;5375;12.6;5612;12.5;5779;12.6;5814;12.6;6091;12.5;5990;12.5;6179;12.5;6406;12.7;6453;12.6;6805;12.8;7066;12.9;7183;13.1;7302;13.3;7363;13.4;7354;13.7;7631;13.8;8345;14.0;8076;14.2;8525;14.4
"¬¬ Local government";32483;158.9;32642;160.5;33224;158.5;33401;158.6;35335;160.3;35604;162.3;35795;159.5;37854;159.4;28874;129.4;29475;130.2;30949;129.9;30916;130.4;31753;127.8;31681;128.6;32134;128.4;31558;129.0;31695;129.9;32453;130.6;32633;130.7;34147;131.2;34092;131.5;34253;132.2;33165;132.6;35215;133.1;35676;134.0;35810;134.7;35898;135.5;37199;135.8;38579;139.6;38962;140.2;39067;141.4;40706;141.4;41730;144.1;43124;146.2;44170;147.2;44867;147.8;45037;147.3;46330;148.7;47455;150.9;48749;153.6;49119;154.9;48763;154.0;49276;150.8;50058;153.9;50851;155.1;51982;157.1;53507;159.5;54436;159.0;55152;158.7;55418;158.8;56201;159.8;57243;160.5;57742;156.4;59226;160.8;60134;162.4;60758;164.2;60868;161.5;61331;162.2;61793;160.8;62445;163.4;63041;162.4;63792;163.6;65012;164.5;62900;162.1;65135;165.6;66436;164.3;67151;168.7;68159;166.7;68754;170.1;69445;169.9;70116;169.5;71480;171.4;72415;170.6;73183;175.7;72932;174.5;73929;175.4;74742;175.4;75786;174.4;77853;175.6;78640;178.1;78230;173.1;78602;169.8;77701;175.6;78635;176.0;80416;176.1;81247;176.6;80900;178.6;83695;178.2;86006;177.6;86849;179.6;86247;179.5;86255;179.0;87635;179.6;90684;179.7;92917;180.0;96230;182.0;96490;182.5;98017;181.7;99559;181.7;100775;181.3;101860;182.6;102828;182.8;103404;183.8;104160;184.0
"Mainland Norway";150342;806.2;152697;809.2;154780;807.5;156521;806.9;160173;796.3;161589;798.2;162893;795.4;167083;795.5;166681;787.7;169403;789.7;173383;795.7;174416;793.3;174292;770.7;174608;773.5;176901;778.9;176540;777.9;179008;786.6;182928;789.9;185587;794.8;190037;796.8;192257;799.4;195598;803.4;195835;807.6;200659;810.8;207887;826.5;211849;829.8;216889;834.9;221453;838.3;228671;867.2;233799;869.9;241101;875.1;245618;878.1;252178;894.0;259304;908.6;262000;907.2;266849;908.2;263600;884.7;265155;885.5;268215;887.8;273096;893.1;271438;890.0;272156;887.8;276454;887.5;281236;891.0;286295;894.8;288374;900.3;295887;908.6;299172;912.9;307820;916.6;310151;918.0;311802;920.9;317384;922.6;323322;909.7;328813;922.8;331473;930.5;334290;930.2;338366;930.7;342548;934.0;345535;937.0;349643;943.6;354287;945.1;351048;944.4;356979;941.3;358052;935.9;358809;940.0;360914;934.3;362389;944.5;364970;943.9;368602;951.6;372649;952.4;376941;952.9;379966;957.7;386170;956.5;391532;977.3;394510;974.0;400695;978.0;405680;979.5;411014;982.1;419292;989.3;426385;997.0;425576;983.5;405896;939.2;413954;950.5;424917;961.8;433180;962.0;435704;968.0;445884;989.8;460125;1004.3;468121;1003.5;480981;1014.4;483759;1019.6;491069;1021.8;504683;1024.7;506507;1023.9;519307;1023.0;533437;1025.3;535311;1025.9;543873;1021.4;550402;1024.1;559019;1028.9;565078;1032.0;575373;1033.9;575984;1035.8;577599;1035.4
"¬ Production for market Mainland Norway";.;.;.;.;.;.;.;.;.;.;.;.;.;.;.;.;.;.;.;.;.;.;.;.;.;.;.;.;.;.;.;.;.;.;.;.;.;.;.;.;.;.;.;.;.;.;.;.;.;.;.;.;.;.;.;.;.;.;.;.;.;.;.;.;.;.;.;.;.;.;.;.;.;.;.;.;.;.;.;.;.;.;.;.;.;.;.;.;.;.;.;.;.;.;.;.;.;.;.;.;.;.;.;.;.;.;.;.;.;.;.;.;.;.;.;.;.;.;.;.;.;.;.;.;.;.;.;.;.;.;.;.;.;.;.;.;.;.;.;.;.;.;.;.;.;.;.;.;.;.;.;.;.;.;.;.;.;.;.;.;.;.;.;.;.;.;.;.;.;.;.;.;.;.;.;.;.;.;.;.;.;.;.;.;.;.;.;.;.;.;.;.;.;.;.;.;.;.;.;.;.;.;.;.;.;.;.;.
"Market producers";.;.;.;.;.;.;.;.;.;.;.;.;.;.;.;.;.;.;.;.;.;.;.;.;.;.;.;.;.;.;.;.;.;.;.;.;.;.;.;.;.;.;.;.;.;.;.;.;.;.;.;.;.;.;.;.;.;.;.;.;.;.;.;.;.;.;.;.;.;.;.;.;.;.;.;.;.;.;.;.;.;.;.;.;.;.;.;.;.;.;.;.;.;.;.;.;.;.;.;.;.;.;.;.;.;.;.;.;.;.;.;.;.;.;.;.;.;.;.;.;.;.;.;.;.;.;.;.;.;.;.;.;.;.;.;.;.;.;.;.;.;.;.;.;.;.;.;.;.;.;.;.;.;.;.;.;.;.;.;.;.;.;.;.;.;.;.;.;.;.;.;.;.;.;.;.;.;.;.;.;.;.;.;.;.;.;.;.;.;.;.;.;.;.;.;.;.;.;.;.;.;.;.;.;.;.;.;.
"Non-market producers";.;.;.;.;.;.;.;.;.;.;.;.;.;.;.;.;.;.;.;.;.;.;.;.;.;.;.;.;.;.;.;.;.;.;.;.;.;.;.;.;.;.;.;.;.;.;.;.;.;.;.;.;.;.;.;.;.;.;.;.;.;.;.;.;.;.;.;.;.;.;.;.;.;.;.;.;.;.;.;.;.;.;.;.;.;.;.;.;.;.;.;.;.;.;.;.;.;.;.;.;.;.;.;.;.;.;.;.;.;.;.;.;.;.;.;.;.;.;.;.;.;.;.;.;.;.;.;.;.;.;.;.;.;.;.;.;.;.;.;.;.;.;.;.;.;.;.;.;.;.;.;.;.;.;.;.;.;.;.;.;.;.;.;.;.;.;.;.;.;.;.;.;.;.;.;.;.;.;.;.;.;.;.;.;.;.;.;.;.;.;.;.;.;.;.;.;.;.;.;.;.;.;.;.;.;.;.;.
